root_id,flow,super_class,cell_class,cell_sub_class,cell_type,hemibrain_type,side,nerve,top_nt
720575940631295506,afferent,ascending,AN,AN_multi,AN_multi_97,,left,CV,acetylcholine
720575940615076418,afferent,ascending,AN,AN_GNG,AN_GNG_199,,right,CV,acetylcholine
720575940616835717,afferent,ascending,AN,AN_AVLP,AN_AVLP_11,,right,CV,acetylcholine
720575940631008824,afferent,ascending,AN,AN_multi,AN_multi_3,,right,CV,glutamate
720575940622489302,afferent,ascending,AN,AN_FLA_SMP,AN_FLA_SMP_1,,right,CV,serotonin
720575940622474868,afferent,ascending,AN,AN_multi,AN_multi_124,,right,CV,serotonin
720575940631316281,afferent,ascending,AN,,,,right,CV,acetylcholine
720575940628644239,afferent,ascending,AN,AN_multi,AN_multi_124,,left,CV,serotonin
720575940628209801,afferent,ascending,AN,AN_multi,AN_multi_124,,left,CV,dopamine
720575940623758377,afferent,ascending,AN,AN_multi,AN_multi_125,,left,CV,serotonin
720575940629591793,afferent,ascending,AN,AN_multi,AN_multi_125,,left,CV,serotonin
720575940632001640,afferent,ascending,AN,AN_GNG,AN_GNG_12,,left,CV,gaba
720575940647036724,afferent,ascending,AN,AN_GNG,AN_GNG_111,,left,CV,serotonin
720575940632381970,afferent,ascending,AN,,AN19A018,,left,CV,acetylcholine
720575940632118479,afferent,ascending,AN,AN_AVLP,AN_AVLP_44,,left,CV,acetylcholine
720575940627360774,afferent,ascending,AN,AN_AVLP,AN_AVLP_13,,left,CV,acetylcholine
720575940616553300,afferent,ascending,AN,AN_AVLP_GNG,AN_AVLP_GNG_4,,left,CV,acetylcholine
720575940627490065,afferent,ascending,AN,AN_SMP,AN_SMP_1,,left,CV,serotonin
720575940617757269,afferent,ascending,AN,,,,left,CV,octopamine
720575940604705481,afferent,ascending,AN,AN_GNG,AN_GNG_204,,left,CV,
720575940624245176,afferent,ascending,AN,,,,left,CV,acetylcholine
720575940636821616,afferent,ascending,AN,AN_multi,AN_multi_105,hb706176085,left,CV,acetylcholine
720575940639264590,afferent,ascending,AN,AN_SLP_AVLP,AN_SLP_AVLP_1,,left,CV,serotonin
720575940620896525,afferent,ascending,AN,,,,left,CV,glutamate
720575940620262621,afferent,ascending,AN,AN_GNG,AN_GNG_204,,left,CV,
720575940620551046,afferent,ascending,AN,AN_GNG,AN_GNG_124,,left,CV,gaba
720575940626901521,afferent,ascending,AN,AN_GNG_SAD,AN_GNG_SAD_23,,left,CV,acetylcholine
720575940629486714,afferent,ascending,AN,AN_multi,AN_multi_11,,left,CV,gaba
720575940626180638,afferent,ascending,AN,AN_GNG_SAD,AN_GNG_SAD_6,,left,CV,gaba
720575940619985089,afferent,ascending,AN,AN_multi,AN_multi_124,,left,CV,serotonin
720575940636805958,afferent,ascending,AN,AN_multi,AN_multi_80,,left,CV,acetylcholine
720575940620116001,afferent,ascending,AN,AN_GNG,AN_GNG_186,,left,CV,acetylcholine
720575940622944915,afferent,ascending,AN,AN_GNG_IPS,AN_GNG_IPS_20,,left,CV,acetylcholine
720575940621362835,afferent,ascending,AN,AN_GNG,AN_GNG_177,,left,CV,glutamate
720575940626098694,afferent,ascending,AN,,,,left,CV,acetylcholine
720575940625947335,afferent,ascending,AN,AN_GNG,AN_GNG_200,,left,CV,gaba
720575940614189310,afferent,ascending,AN,AN_multi,AN_multi_47,,left,CV,acetylcholine
720575940627230722,afferent,ascending,AN,AN_GNG,AN_GNG_33,,left,CV,acetylcholine
720575940632556831,afferent,ascending,AN,AN_SLP_LH,AN_SLP_LH_1,hb422328492,left,CV,acetylcholine
720575940649812857,afferent,ascending,AN,AN_multi,AN_multi_18,,left,CV,acetylcholine
720575940633324724,afferent,ascending,AN,AN_GNG,AN_GNG_88,,left,CV,acetylcholine
720575940621751792,afferent,ascending,AN,AN_GNG_WED,AN_GNG_WED_1,,left,CV,acetylcholine
720575940605158572,afferent,ascending,AN,AN_GNG_PRW,AN_GNG_PRW_4,,left,CV,gaba
720575940620312797,afferent,ascending,AN,AN_GNG,AN_GNG_164,,left,CV,serotonin
720575940623467664,afferent,ascending,AN,AN_IPS_GNG,AN_IPS_GNG_6,,left,CV,acetylcholine
720575940626648634,afferent,ascending,AN,AN_GNG,AN_GNG_61,,left,CV,acetylcholine
720575940616986310,afferent,ascending,AN,AN_PRW_FLA,AN_SAD_FLA_1,,left,CV,acetylcholine
720575940631011781,afferent,ascending,AN,AN_multi,AN_multi_25,,left,CV,acetylcholine
720575940623788519,afferent,ascending,AN,AN_AVLP,AN_AVLP_19,,left,CV,acetylcholine
720575940627372090,afferent,ascending,AN,AN_multi,AN_multi_32,,left,CV,gaba
720575940602382304,afferent,ascending,AN,AN_GNG_SAD,AN_GNG_SAD_13,,left,CV,acetylcholine
720575940631106767,afferent,ascending,AN,AN_IPS_LAL,AN_IPS_LAL_1,,left,CV,acetylcholine
720575940602430944,afferent,ascending,AN,AN_IPS_WED,AN_IPS_WED_1,,left,CV,acetylcholine
720575940602447328,afferent,ascending,AN,AN_GNG,AN_GNG_142,,left,CV,acetylcholine
720575940629212098,afferent,ascending,AN,AN_GNG,AN_GNG_11,,left,CV,acetylcholine
720575940618260500,afferent,ascending,AN,AN_AVLP_SAD,AN_AVLP_SAD_2,,left,CV,gaba
720575940603456288,afferent,ascending,AN,AN_GNG,AN_GNG_92,,left,CV,acetylcholine
720575940603460640,afferent,ascending,AN,AN_AVLP,AN_AVLP_2,,left,CV,acetylcholine
720575940603537766,afferent,ascending,AN,AN_GNG,AN_GNG_202,,left,CV,glutamate
720575940627621628,afferent,ascending,AN,AN_GNG_WED,AN_GNG_WED_3,,left,CV,acetylcholine
720575940603574374,afferent,ascending,AN,AN_AVLP,AN_AVLP_53,,left,CV,acetylcholine
720575940642427789,afferent,ascending,AN,AN_multi,AN_multi_26,,left,CV,acetylcholine
720575940632300973,afferent,ascending,AN,AN_VES_WED,AN_VES_WED_1,,left,CV,acetylcholine
720575940603595366,afferent,ascending,AN,AN_AVLP,AN_AVLP_25,,left,CV,acetylcholine
720575940603599206,afferent,ascending,AN,AN_GNG_VES,AN_GNG_VES_8,,left,CV,acetylcholine
720575940629739068,afferent,ascending,AN,AN_SPS_IPS,AN_SPS_IPS_4,,left,CV,acetylcholine
720575940611710322,afferent,ascending,AN,AN_AVLP,AN_AVLP_34,,left,CV,acetylcholine
720575940622135757,afferent,ascending,AN,AN_VES_WED,AN_VES_WED_2,,left,CV,acetylcholine
720575940606197193,afferent,ascending,AN,AN_GNG,AN_GNG_121,,left,CV,acetylcholine
720575940615443805,afferent,ascending,AN,AN_IPS_WED,AN_IPS_WED_2,,left,CV,acetylcholine
720575940606310748,afferent,ascending,AN,AN_GNG,AN_GNG_197,,left,CV,gaba
720575940603882174,afferent,ascending,AN,AN_multi,AN_multi_16,,left,CV,acetylcholine
720575940616343441,afferent,ascending,AN,AN_multi,AN_multi_63,,left,CV,acetylcholine
720575940627398855,afferent,ascending,AN,AN_GNG,AN_GNG_126,,left,CV,gaba
720575940632987859,afferent,ascending,AN,AN_GNG,AN_GNG_180,,left,CV,glutamate
720575940626198790,afferent,ascending,AN,AN_GNG_IPS,AN_GNG_IPS_16,,left,CV,acetylcholine
720575940650215670,afferent,ascending,AN,AN_GNG,AN_GNG_175,,left,CV,serotonin
720575940639458037,afferent,ascending,AN,AN_GNG,AN_GNG_197,,left,CV,gaba
720575940620082598,afferent,ascending,AN,AN_GNG,AN_GNG_114,,left,CV,gaba
720575940607118275,afferent,ascending,AN,AN_GNG,AN_GNG_137,,left,CV,glutamate
720575940607128771,afferent,ascending,AN,AN_GNG,AN_GNG_164,,left,CV,acetylcholine
720575940607136707,afferent,ascending,AN,AN_AVLP,AN_AVLP_53,,left,CV,acetylcholine
720575940630021392,afferent,ascending,AN,AN_GNG,AN_GNG_115,,left,CV,acetylcholine
720575940639295347,afferent,ascending,AN,AN_multi,AN_multi_69,,left,CV,acetylcholine
720575940626319900,afferent,ascending,AN,AN_AVLP,AN_AVLP_27,,left,CV,acetylcholine
720575940645197188,afferent,ascending,AN,AN_WED_GNG,AN_WED_GNG_2,,left,CV,acetylcholine
720575940631414180,afferent,ascending,AN,AN_GNG,AN_GNG_172,,left,CV,acetylcholine
720575940608900050,afferent,ascending,AN,AN_GNG,AN_GNG_99,,left,CV,acetylcholine
720575940608996450,afferent,ascending,AN,AN_GNG,AN_GNG_118,,left,CV,acetylcholine
720575940626951513,afferent,ascending,AN,AN_multi,AN_multi_59,,left,CV,acetylcholine
720575940610284441,afferent,ascending,AN,AN_GNG_IPS,AN_GNG_IPS_17,,left,CV,acetylcholine
720575940639623795,afferent,ascending,AN,AN_multi,AN_multi_18,,left,CV,acetylcholine
720575940611832490,afferent,ascending,AN,AN_GNG,AN_GNG_183,,left,CV,acetylcholine
720575940632996920,afferent,ascending,AN,AN_AVLP_GNG,AN_AVLP_GNG_22,,left,CV,acetylcholine
720575940628894251,afferent,ascending,AN,AN_AVLP_GNG,AN_AVLP_GNG_3,,left,CV,gaba
720575940610033394,afferent,ascending,AN,,,,left,CV,acetylcholine
720575940623368375,afferent,ascending,AN,AN_AVLP,AN_AVLP_46,,left,CV,acetylcholine
720575940620122503,afferent,ascending,AN,AN_multi,AN_multi_96,,left,CV,acetylcholine
720575940610148505,afferent,ascending,AN,AN_AVLP,AN_AVLP_39,,left,CV,glutamate
720575940625969351,afferent,ascending,AN,AN_GNG,AN_GNG_32,,left,CV,acetylcholine
720575940641702304,afferent,ascending,AN,AN_GNG,AN_GNG_42,,left,CV,acetylcholine
720575940610200217,afferent,ascending,AN,AN_GNG,AN_GNG_8,,left,CV,acetylcholine
720575940610264490,afferent,ascending,AN,AN_multi,AN_GNG_SAD33,,left,CV,gaba
720575940623776743,afferent,ascending,AN,AN_AVLP_GNG,AN_AVLP_GNG_19,,left,CV,acetylcholine
720575940610821654,afferent,ascending,AN,AN_GNG_IPS,AN_GNG_IPS_19,,left,CV,acetylcholine
720575940611427697,afferent,ascending,AN,AN_AVLP,AN_AVLP_53,,left,CV,acetylcholine
720575940629561400,afferent,ascending,AN,AN_AVLP,AN_AVLP_48,,right,CV,acetylcholine
720575940628710555,afferent,ascending,AN,AN_AMMC_SAD,AN_AMMC_SAD_1,,left,CV,glutamate
720575940625176957,afferent,ascending,AN,AN_GNG,AN_GNG_22,,left,CV,acetylcholine
720575940621106977,afferent,ascending,AN,AN_AVLP,AN_AVLP_30,,left,CV,gaba
720575940605916640,afferent,ascending,AN,AN_multi,AN_multi_101,,left,CV,acetylcholine
720575940627606394,afferent,ascending,AN,AN_GNG,AN_GNG_172,,left,CV,acetylcholine
720575940612281086,afferent,ascending,AN,AN_GNG,AN_GNG_175,,left,CV,acetylcholine
720575940606525058,afferent,ascending,AN,AN_AVLP,AN_AVLP_28,,left,CV,acetylcholine
720575940612335102,afferent,ascending,AN,AN_AVLP,AN_AVLP_42,,left,CV,acetylcholine
720575940632223457,afferent,ascending,AN,AN_GNG,AN_GNG_179,,left,CV,acetylcholine
720575940620539563,afferent,ascending,AN,AN_SPS_IPS,AN_SPS_IPS_5,,left,CV,acetylcholine
720575940612713322,afferent,ascending,AN,AN_GNG,AN_GNG_188,,left,CV,gaba
720575940614990486,afferent,ascending,AN,AN_GNG,AN_GNG_6,,left,CV,acetylcholine
720575940615394527,afferent,ascending,AN,AN_multi,AN_multi_98,,left,CV,acetylcholine
720575940616348480,afferent,ascending,AN,AN_GNG,AN_GNG_95,,left,CV,acetylcholine
720575940617992000,afferent,ascending,AN,AN_GNG,AN_GNG_149,,left,CV,acetylcholine
720575940639696499,afferent,ascending,AN,,,,left,CV,acetylcholine
720575940619145045,afferent,ascending,AN,AN_GNG_VES,AN_GNG_VES_4,,left,CV,acetylcholine
720575940613403378,afferent,ascending,AN,AN_multi,AN_multi_7,,left,CV,acetylcholine
720575940623147802,afferent,ascending,AN,AN_multi,AN_multi_91,,left,CV,acetylcholine
720575940612599215,afferent,ascending,AN,AN_LH_AVLP,AN_LH_AVLP_1,,left,CV,acetylcholine
720575940613598514,afferent,ascending,AN,AN_GNG,AN_GNG_197,,left,CV,gaba
720575940633206831,afferent,ascending,AN,AN_GNG,AN_GNG_164,,left,CV,acetylcholine
720575940636812772,afferent,ascending,AN,AN_GNG_SAD,AN_GNG_SAD_15,,left,CV,acetylcholine
720575940630598671,afferent,ascending,AN,AN_GNG,AN_GNG_147,,left,CV,acetylcholine
720575940623685193,afferent,ascending,AN,AN_AVLP,AN_AVLP_33,,left,CV,acetylcholine
720575940617716566,afferent,ascending,AN,AN_GNG_AMMC,AN_GNG_AMMC_2,,left,CV,gaba
720575940612018545,afferent,ascending,AN,AN_multi,AN_multi_102,,left,CV,acetylcholine
720575940628347471,afferent,ascending,AN,AN_GNG_SAD,AN_GNG_SAD_32,,left,CV,acetylcholine
720575940620122561,afferent,ascending,AN,AN_AVLP,AN_AMMC_SAD_2,,left,CV,gaba
720575940625161530,afferent,ascending,AN,AN_AVLP_GNG,AN_AVLP_GNG_21,,left,CV,acetylcholine
720575940651689206,afferent,ascending,AN,AN_GNG_AVLP,AN_GNG_AVLP_1,,left,CV,acetylcholine
720575940620181825,afferent,ascending,AN,AN_multi,AN_multi_94,,left,CV,gaba
720575940632875746,afferent,ascending,AN,AN_AVLP_GNG,AN_AVLP_GNG_6,,left,CV,acetylcholine
720575940631295703,afferent,ascending,AN,AN_GNG,AN_GNG_190,,left,CV,gaba
720575940631240403,afferent,ascending,AN,AN_AVLP,AN_AVLP_54,,left,CV,acetylcholine
720575940627734293,afferent,ascending,AN,AN_GNG_VES,AN_GNG_VES_4,,left,CV,acetylcholine
720575940615660033,afferent,ascending,AN,AN_GNG,AN_GNG_192,,left,CV,glutamate
720575940619273398,afferent,ascending,AN,AN_GNG_VES,AN_GNG_VES_2,,left,CV,gaba
720575940626444051,afferent,ascending,AN,AN_GNG_FLA,AN_GNG_FLA_1,,left,CV,gaba
720575940632958253,afferent,ascending,AN,AN_multi,AN_multi_127,,left,CV,acetylcholine
720575940606635186,afferent,ascending,AN,AN_GNG_SAD,AN_GNG_SAD_32,,left,CV,acetylcholine
720575940619048315,afferent,ascending,AN,AN_multi,AN_multi_113,,left,CV,acetylcholine
720575940634557594,afferent,ascending,AN,AN_GNG,AN_GNG_116,,left,CV,serotonin
720575940629850105,afferent,ascending,AN,AN_AVLP,AN_AVLP_23,,left,CV,acetylcholine
720575940630513060,afferent,ascending,AN,,,,left,CV,acetylcholine
720575940615689634,afferent,ascending,AN,AN_GNG,AN_FLA_VES_2,,left,CV,acetylcholine
720575940612195495,afferent,ascending,AN,AN_GNG_SAD,AN_GNG_SAD_1,,left,CV,acetylcholine
720575940631372088,afferent,ascending,AN,AN_IPS_GNG,AN_IPS_GNG_7,,left,CV,acetylcholine
720575940616169787,afferent,ascending,AN,AN_AVLP,AN_AVLP_51,,left,CV,acetylcholine
720575940617641301,afferent,ascending,AN,AN_GNG,AN_GNG_165,,left,CV,acetylcholine
720575940627377285,afferent,ascending,AN,AN_GNG_IPS,AN_GNG_IPS_11,,left,CV,acetylcholine
720575940621406090,afferent,ascending,AN,AN_GNG,AN_GNG_102,,left,CV,serotonin
720575940621201092,afferent,ascending,AN,,,,left,CV,serotonin
720575940620079440,afferent,ascending,AN,AN_GNG_SAD,AN_GNG_SAD_12,,left,CV,acetylcholine
720575940654222241,afferent,ascending,AN,AN_IPS_LAL,AN_IPS_LAL_1,,left,CV,acetylcholine
720575940618083749,afferent,ascending,AN,AN_GNG,AN_GNG_165,,left,CV,acetylcholine
720575940605811657,afferent,ascending,AN,AN_GNG,AN_GNG_166,,left,CV,acetylcholine
720575940608969938,afferent,ascending,AN,,,,left,CV,gaba
720575940622002086,afferent,ascending,AN,AN_GNG,AN_GNG_4,,left,CV,acetylcholine
720575940621970445,afferent,ascending,AN,AN_AVLP,AN_AVLP_50,,left,CV,acetylcholine
720575940628975107,afferent,ascending,AN,AN_GNG_FLA,AN_GNG_FLA_6,,left,CV,gaba
720575940608958788,afferent,ascending,AN,AN_AVLP_GNG,AN_AVLP_GNG_14,,left,CV,gaba
720575940626044418,afferent,ascending,AN,AN_multi,AN_multi_9,,left,CV,acetylcholine
720575940633185676,afferent,ascending,AN,AN_GNG,AN_GNG_134,,left,CV,acetylcholine
720575940633157919,afferent,ascending,AN,AN_multi,AN_multi_12,,left,CV,glutamate
720575940613527021,afferent,ascending,AN,AN_GNG_IPS,AN_GNG_IPS_9,,left,CV,glutamate
720575940616195467,afferent,ascending,AN,AN_GNG,AN_GNG_94,,left,CV,acetylcholine
720575940628361554,afferent,ascending,AN,AN_GNG_IPS,AN_GNG_IPS_4,,left,CV,acetylcholine
720575940659379073,afferent,ascending,AN,AN_GNG_SAD,AN_GNG_SAD_33,,left,CV,gaba
720575940627699599,afferent,ascending,AN,AN_multi,AN_multi_119,,left,CV,acetylcholine
720575940618422875,afferent,ascending,AN,AN_GNG,AN_GNG_155,,left,CV,gaba
720575940604091308,afferent,ascending,AN,AN_GNG_FLA,AN_GNG_AVLP_1,,left,CV,acetylcholine
720575940650875769,afferent,ascending,AN,AN_GNG,AN_GNG_175,,left,CV,glutamate
720575940618556142,afferent,ascending,AN,AN_GNG,AN_GNG_165,,left,CV,serotonin
720575940624339996,afferent,ascending,AN,AN_GNG,AN_GNG_165,,left,CV,acetylcholine
720575940619657972,afferent,ascending,AN,AN_GNG,AN_GNG_15,,left,CV,acetylcholine
720575940622259811,afferent,ascending,AN,AN_GNG_PRW,AN_GNG_LAL_1,,left,CV,acetylcholine
720575940618608110,afferent,ascending,AN,AN_GNG,AN_GNG_48,,left,CV,acetylcholine
720575940629725033,afferent,ascending,AN,AN_AVLP_GNG,AN_AVLP_GNG_16,,left,CV,gaba
720575940617422941,afferent,ascending,AN,AN_GNG,AN_GNG_120,,left,CV,glutamate
720575940618699841,afferent,ascending,AN,AN_GNG,AN_GNG_172,,left,CV,acetylcholine
720575940631262252,afferent,ascending,AN,AN_multi,AN_multi_41,,left,CV,gaba
720575940618899041,afferent,ascending,AN,AN_AVLP,AN_AVLP_53,,left,CV,acetylcholine
720575940612373362,afferent,ascending,AN,AN_GNG,AN_GNG_148,,left,CV,acetylcholine
720575940629439043,afferent,ascending,AN,AN_SPS_IPS,AN_SPS_IPS_3,,left,CV,acetylcholine
720575940619079152,afferent,ascending,AN,AN_GNG_IPS,AN_GNG_IPS_14,,left,CV,acetylcholine
720575940639652678,afferent,ascending,AN,AN_GNG,AN_GNG_178,,left,CV,gaba
720575940630424407,afferent,ascending,AN,AN_GNG,AN_GNG_53,,left,CV,acetylcholine
720575940622510323,afferent,ascending,AN,AN_GNG,AN_GNG_165,,left,CV,acetylcholine
720575940640177280,afferent,ascending,AN,AN_GNG_SAD,AN_GNG_SAD_14,,left,CV,gaba
720575940619241456,afferent,ascending,AN,AN_SPS_IPS,AN_SPS_IPS_2,,left,CV,acetylcholine
720575940633764247,afferent,ascending,AN,AN_GNG_SAD,AN_GNG_SAD_5,,left,CV,serotonin
720575940633292769,afferent,ascending,AN,AN_GNG_SAD,AN_GNG_SAD_26,,right,CV,octopamine
720575940629921835,afferent,ascending,AN,AN_GNG,AN_GNG_164,,left,CV,acetylcholine
720575940639606747,afferent,ascending,AN,AN_GNG,AN_GNG_100,,left,CV,gaba
720575940614633122,afferent,ascending,AN,AN_AVLP_PVLP,AN_AVLP_PVLP_5,hb1197455013,left,CV,acetylcholine
720575940619657989,afferent,ascending,AN,AN_GNG,AN_GNG_17,,left,CV,serotonin
720575940639429504,afferent,ascending,AN,AN_multi,AN_multi_115,,left,CV,acetylcholine
720575940622025989,afferent,ascending,AN,AN_GNG,AN_GNG_173,,left,CV,acetylcholine
720575940612422654,afferent,ascending,AN,AN_AVLP,AN_AVLP_40,,left,CV,acetylcholine
720575940619767073,afferent,ascending,AN,,,,left,CV,acetylcholine
720575940619781914,afferent,ascending,AN,AN_GNG,AN_GNG_90,,left,CV,serotonin
720575940604843710,afferent,ascending,AN,AN_AVLP_GNG,AN_AVLP_GNG_20,,left,CV,gaba
720575940617378843,afferent,ascending,AN,AN_GNG,AN_GNG_182,,left,CV,acetylcholine
720575940633209996,afferent,ascending,AN,AN_AVLP,AN_AVLP_43,,left,CV,acetylcholine
720575940623747984,afferent,ascending,AN,AN_IPS_GNG,AN_IPS_GNG_7,,left,CV,acetylcholine
720575940629449027,afferent,ascending,AN,AN_GNG_IPS,AN_GNG_IPS_7,,left,CV,acetylcholine
720575940644733988,afferent,ascending,AN,AN_IPS_SPS,AN_IPS_SPS_1,,left,CV,acetylcholine
720575940620189004,afferent,ascending,AN,AN_GNG,AN_GNG_36,,left,CV,acetylcholine
720575940620205900,afferent,ascending,AN,AN_GNG,AN_GNG_55,,left,CV,acetylcholine
720575940620228428,afferent,ascending,AN,AN_AVLP_SAD,AN_AVLP_SAD_5,,left,CV,acetylcholine
720575940636674190,afferent,ascending,AN,AN_GNG_IPS,AN_GNG_IPS_2,,left,CV,acetylcholine
720575940620257750,afferent,ascending,AN,AN_AVLP,AN_AVLP_51,,left,CV,acetylcholine
720575940619066881,afferent,ascending,AN,,,,left,CV,gaba
720575940630137655,afferent,ascending,AN,AN_multi,AN_multi_120,,left,CV,acetylcholine
720575940620303830,afferent,ascending,AN,AN_GNG,AN_GNG_200,,left,CV,gaba
720575940630404311,afferent,ascending,AN,AN_GNG,AN_GNG_79,,left,CV,acetylcholine
720575940650882937,afferent,ascending,AN,AN_GNG,AN_GNG_193,,left,CV,glutamate
720575940620015787,afferent,ascending,AN,AN_GNG,AN_GNG_158,,left,CV,glutamate
720575940632466643,afferent,ascending,AN,AN_GNG,AN_GNG_86,,left,CV,acetylcholine
720575940627754496,afferent,ascending,AN,AN_GNG,AN_GNG_140,,left,CV,serotonin
720575940624471683,afferent,ascending,AN,AN_GNG_VES,AN_GNG_VES_10,,left,CV,acetylcholine
720575940628030972,afferent,ascending,AN,,,,left,CV,gaba
720575940619891591,afferent,ascending,AN,AN_multi,AN_multi_33,,left,CV,gaba
720575940635968319,afferent,ascending,AN,AN_GNG_SAD,AN_GNG_SAD_25,,left,CV,acetylcholine
720575940611444633,afferent,ascending,AN,AN_AVLP,AN_AVLP_53,,left,CV,acetylcholine
720575940610624682,afferent,ascending,AN,AN_AVLP,AN_AVLP_5,,left,CV,gaba
720575940640281653,afferent,ascending,AN,AN_SPS_GNG,AN_SPS_GNG_1,,left,CV,acetylcholine
720575940617953241,afferent,ascending,AN,AN_GNG,AN_GNG_29,,left,CV,gaba
720575940623934600,afferent,ascending,AN,AN_GNG,AN_GNG_65,,left,CV,gaba
720575940610039219,afferent,ascending,AN,AN_AVLP,AN_AVLP_46,,left,CV,acetylcholine
720575940615040662,afferent,ascending,AN,AN_GNG,AN_GNG_193,,left,CV,glutamate
720575940627137223,afferent,ascending,AN,AN_AVLP,AN_AVLP_41,,left,CV,acetylcholine
720575940639190205,afferent,ascending,AN,AN_GNG,AN_GNG_56,,left,CV,glutamate
720575940615964614,afferent,ascending,AN,AN_multi,AN_multi_100,,left,CV,gaba
720575940623222185,afferent,ascending,AN,AN_AVLP_GNG,AN_AVLP_GNG_23,,left,CV,gaba
720575940611562393,afferent,ascending,AN,AN_multi,AN_multi_29,,left,CV,acetylcholine
720575940634138743,afferent,ascending,AN,AN_GNG_VES,AN_GNG_VES_12,,left,CV,acetylcholine
720575940644751908,afferent,ascending,AN,AN_GNG,AN_GNG_85,,left,CV,acetylcholine
720575940621978109,afferent,ascending,AN,AN_GNG,AN_GNG_191,,left,CV,serotonin
720575940621978365,afferent,ascending,AN,AN_GNG,AN_GNG_165,,left,CV,acetylcholine
720575940621590237,afferent,ascending,AN,AN_GNG_VES,AN_GNG_VES_7,,left,CV,gaba
720575940614784710,afferent,ascending,AN,AN_multi,AN_multi_48,,left,CV,glutamate
720575940616414859,afferent,ascending,AN,AN_multi,AN_multi_10,,left,CV,acetylcholine
720575940639140341,afferent,ascending,AN,AN_VES_GNG,AN_VES_GNG_2,,left,CV,gaba
720575940630456028,afferent,ascending,AN,AN_GNG_SAD,AN_GNG_SAD_19,,left,CV,acetylcholine
720575940615669826,afferent,ascending,AN,AN_VES_GNG,AN_VES_GNG_7,,left,CV,acetylcholine
720575940638800437,afferent,ascending,AN,AN_AVLP,AN_AVLP_49,,left,CV,acetylcholine
720575940622160460,afferent,ascending,AN,AN_AVLP_PVLP,AN_AVLP_PVLP_3,,left,CV,gaba
720575940631672268,afferent,ascending,AN,AN_multi,AN_multi_50,,left,CV,gaba
720575940622488103,afferent,ascending,AN,AN_GNG,AN_GNG_167,,left,CV,acetylcholine
720575940622577300,afferent,ascending,AN,AN_GNG,AN_GNG_166,,left,CV,acetylcholine
720575940628422139,afferent,ascending,AN,AN_GNG,AN_GNG_18,,left,CV,acetylcholine
720575940622756536,afferent,ascending,AN,AN_GNG,AN_GNG_69,,left,CV,gaba
720575940617076052,afferent,ascending,AN,AN_AVLP,AN_AVLP_47,,left,CV,acetylcholine
720575940618208310,afferent,ascending,AN,AN_GNG,AN_GNG_63,,left,CV,gaba
720575940637635429,afferent,ascending,AN,AN_multi,AN_multi_36,,left,CV,acetylcholine
720575940638250293,afferent,ascending,AN,AN_GNG_SAD,AN_GNG_SAD_10,,left,CV,acetylcholine
720575940650924022,afferent,ascending,AN,AN_GNG,AN_GNG_175,,left,CV,acetylcholine
720575940622904094,afferent,ascending,AN,AN_GNG,AN_GNG_92,,left,CV,acetylcholine
720575940622915004,afferent,ascending,AN,AN_GNG,AN_GNG_97,,left,CV,acetylcholine
720575940618647768,afferent,ascending,AN,AN_GNG_IPS,AN_GNG_IPS_19,,left,CV,acetylcholine
720575940613524973,afferent,ascending,AN,AN_multi,AN_multi_70,,left,CV,acetylcholine
720575940630174033,afferent,ascending,AN,AN_AVLP,AN_AVLP_28,,left,CV,acetylcholine
720575940622951757,afferent,ascending,AN,,,,right,CV,acetylcholine
720575940622303446,afferent,ascending,AN,AN_multi,AN_multi_14,,left,CV,acetylcholine
720575940627963947,afferent,ascending,AN,AN_GNG,AN_GNG_159,,left,CV,acetylcholine
720575940623078221,afferent,ascending,AN,AN_GNG,AN_GNG_184,,left,CV,acetylcholine
720575940628591567,afferent,ascending,AN,,,,left,CV,serotonin
720575940611813362,afferent,ascending,AN,AN_GNG,AN_GNG_10,,left,CV,acetylcholine
720575940623315856,afferent,ascending,AN,AN_GNG,AN_GNG_128,,left,CV,gaba
720575940623426192,afferent,ascending,AN,AN_GNG,AN_GNG_167,,left,CV,acetylcholine
720575940623538884,afferent,ascending,AN,,,,left,CV,acetylcholine
720575940612775130,afferent,ascending,AN,AN_AVLP_GNG,AN_AVLP_GNG_17,,left,CV,acetylcholine
720575940635754853,afferent,ascending,AN,AN_multi,AN_multi_55,,left,CV,acetylcholine
720575940628114684,afferent,ascending,AN,AN_GNG,AN_GNG_68,,left,CV,gaba
720575940637160937,afferent,ascending,AN,AN_GNG,AN_GNG_91,,left,CV,acetylcholine
720575940619266183,afferent,ascending,AN,AN_GNG_FLA,AN_GNG_AVLP_2,,left,CV,glutamate
720575940623804260,afferent,ascending,AN,AN_GNG,AN_GNG_47,,left,CV,acetylcholine
720575940608276949,afferent,ascending,AN,AN_AVLP,AN_AVLP_27,,left,CV,acetylcholine
720575940627064420,afferent,ascending,AN,AN_AVLP,AN_AVLP_18,,left,CV,acetylcholine
720575940630461302,afferent,ascending,AN,AN_GNG,AN_GNG_148,,left,CV,acetylcholine
720575940610610990,afferent,ascending,AN,AN_multi,AN_multi_56,,left,CV,acetylcholine
720575940626651691,afferent,ascending,AN,AN_AVLP,AN_AVLP_11,,left,CV,acetylcholine
720575940624310601,afferent,ascending,AN,AN_GNG,AN_GNG_165,,left,CV,acetylcholine
720575940633432568,afferent,ascending,AN,AN_GNG,AN_GNG_94,,left,CV,acetylcholine
720575940615926796,afferent,ascending,AN,AN_GNG,AN_GNG_72,,left,CV,glutamate
720575940637629016,afferent,ascending,AN,AN_AVLP,AN_AVLP_45,,left,CV,acetylcholine
720575940620887536,afferent,ascending,AN,AN_AVLP_PVLP,AN_AVLP_PVLP_2,,left,CV,acetylcholine
720575940624912535,afferent,ascending,AN,AN_GNG,AN_GNG_45,,left,CV,acetylcholine
720575940624933765,afferent,ascending,AN,AN_GNG,AN_GNG_165,,left,CV,acetylcholine
720575940609025092,afferent,ascending,AN,AN_AVLP,AN_AVLP_51,,left,CV,acetylcholine
720575940620192677,afferent,ascending,AN,AN_AVLP_PVLP,AN_AVLP_PVLP_7,,left,CV,acetylcholine
720575940608073602,afferent,ascending,AN,,,,left,CV,acetylcholine
720575940637993542,afferent,ascending,AN,AN_multi,AN_multi_20,,left,CV,acetylcholine
720575940626985220,afferent,ascending,AN,AN_AVLP_GNG,AN_AVLP_GNG_2,,left,CV,gaba
720575940627283475,afferent,ascending,AN,AN_GNG,AN_GNG_149,,left,CV,acetylcholine
720575940635620709,afferent,ascending,AN,AN_multi,AN_multi_51,,left,CV,acetylcholine
720575940621523421,afferent,ascending,AN,AN_multi,AN_multi_39,,left,CV,gaba
720575940659523969,afferent,ascending,AN,AN_AVLP_GNG,AN_AVLP_GNG_23,,left,CV,gaba
720575940604912770,afferent,ascending,AN,AN_GNG,AN_GNG_92,,right,CV,acetylcholine
720575940627415827,afferent,ascending,AN,AN_GNG,AN_GNG_138,,left,CV,gaba
720575940625065786,afferent,ascending,AN,AN_AVLP,AN_AVLP_37,,left,CV,gaba
720575940632879917,afferent,ascending,AN,AN_GNG_IPS,AN_GNG_IPS_3,,left,CV,acetylcholine
720575940629810882,afferent,ascending,AN,AN_GNG,AN_GNG_122,,left,CV,acetylcholine
720575940626663187,afferent,ascending,AN,AN_AVLP_GNG,AN_AVLP_GNG_7,,left,CV,gaba
720575940625188741,afferent,ascending,AN,AN_AVLP,AN_AVLP_24,,left,CV,acetylcholine
720575940625328401,afferent,ascending,AN,AN_GNG,AN_GNG_69,,left,CV,gaba
720575940619273126,afferent,ascending,AN,AN_multi,AN_multi_104,,left,CV,acetylcholine
720575940627177800,afferent,ascending,AN,AN_GNG_VES,AN_GNG_VES_12,,left,CV,acetylcholine
720575940625575592,afferent,ascending,AN,AN_GNG,AN_GNG_59,,left,CV,acetylcholine
720575940628595944,afferent,ascending,AN,AN_AVLP_GNG,AN_AVLP_GNG_18,,left,CV,acetylcholine
720575940625923527,afferent,ascending,AN,AN_AVLP,AN_AVLP_53,,left,CV,acetylcholine
720575940620672432,afferent,ascending,AN,AN_FLA_PRW,AN_FLA_PRW_1,,left,CV,glutamate
720575940626046282,afferent,ascending,AN,AN_GNG,AN_GNG_192,,left,CV,glutamate
720575940626148520,afferent,ascending,AN,AN_multi,AN_multi_117,,left,CV,acetylcholine
720575940628005676,afferent,ascending,AN,AN_IPS_GNG,AN_IPS_GNG_6,,left,CV,acetylcholine
720575940634325916,afferent,ascending,AN,,,,left,CV,acetylcholine
720575940623195725,afferent,ascending,AN,,,,left,CV,acetylcholine
720575940626232848,afferent,ascending,AN,AN_GNG,AN_GNG_189,,left,CV,gaba
720575940626258448,afferent,ascending,AN,AN_GNG,AN_GNG_167,,left,CV,glutamate
720575940624138569,afferent,ascending,AN,AN_GNG_IPS,AN_GNG_IPS_19,,left,CV,acetylcholine
720575940623871015,afferent,ascending,AN,AN_multi,AN_multi_21,,left,CV,acetylcholine
720575940626582095,afferent,ascending,AN,AN_GNG,AN_GNG_135,,left,CV,gaba
720575940626654107,afferent,ascending,AN,AN_GNG,AN_GNG_159,,left,CV,acetylcholine
720575940626621317,afferent,ascending,AN,AN_IPS_GNG,AN_IPS_GNG_7,,left,CV,acetylcholine
720575940627558082,afferent,ascending,AN,AN_GNG,AN_GNG_127,,left,CV,gaba
720575940620232686,afferent,ascending,AN,AN_AVLP,AN_AVLP_26,,left,CV,acetylcholine
720575940632530913,afferent,ascending,AN,AN_IPS_GNG,AN_IPS_GNG_7,,left,CV,acetylcholine
720575940627718444,afferent,ascending,AN,AN_GNG,AN_GNG_196,,left,CV,serotonin
720575940618542808,afferent,ascending,AN,AN_AVLP,AN_AVLP_53,,left,CV,acetylcholine
720575940627904828,afferent,ascending,AN,AN_GNG,AN_GNG_168,,left,CV,glutamate
720575940612669933,afferent,ascending,AN,AN_AVLP,AN_AVLP_41,,left,CV,acetylcholine
720575940628034108,afferent,ascending,AN,AN_GNG,AN_GNG_167,,left,CV,glutamate
720575940628065852,afferent,ascending,AN,,,,left,CV,acetylcholine
720575940628074556,afferent,ascending,AN,AN_GNG_FLA,AN_GNG_FLA_5,,left,CV,glutamate
720575940626239881,afferent,ascending,AN,AN_GNG,AN_GNG_60,,left,CV,glutamate
720575940613977706,afferent,ascending,AN,,,,left,CV,acetylcholine
720575940623755312,afferent,ascending,AN,AN_AVLP,AN_AVLP_15,,left,CV,acetylcholine
720575940605662822,afferent,ascending,AN,AN_GNG_SAD,AN_GNG_SAD_24,,left,CV,acetylcholine
720575940629176007,afferent,ascending,AN,AN_GNG_SAD,AN_GNG_SAD_8,,left,CV,acetylcholine
720575940609265476,afferent,ascending,AN,AN_AVLP_GNG,AN_AVLP_GNG_23,,left,CV,gaba
720575940628692055,afferent,ascending,AN,AN_GNG,AN_GNG_62,,left,CV,gaba
720575940628820474,afferent,ascending,AN,AN_AVLP,AN_AVLP_48,,left,CV,acetylcholine
720575940654227105,afferent,ascending,AN,AN_GNG,AN_GNG_64,,left,CV,gaba
720575940629460986,afferent,ascending,AN,AN_GNG,AN_GNG_164,,left,CV,acetylcholine
720575940635989390,afferent,ascending,AN,AN_AVLP,AN_AVLP_53,,left,CV,acetylcholine
720575940629264938,afferent,ascending,AN,AN_AVLP,AN_AVLP_7,,left,CV,acetylcholine
720575940627137540,afferent,ascending,AN,AN_IPS_GNG,AN_IPS_GNG_7,,left,CV,gaba
720575940605075116,afferent,ascending,AN,AN_GNG,AN_GNG_82,,left,CV,glutamate
720575940610125688,afferent,ascending,AN,AN_AVLP,AN_AVLP_20,,left,CV,acetylcholine
720575940608672092,afferent,ascending,AN,AN_GNG,AN_GNG_144,,left,CV,acetylcholine
720575940623900052,afferent,ascending,AN,AN_AVLP_GNG,AN_AVLP_GNG_23,,left,CV,gaba
720575940621883844,afferent,ascending,AN,,ANXXX005,,left,CV,serotonin
720575940624888445,afferent,ascending,AN,AN_GNG,AN_GNG_173,,left,CV,acetylcholine
720575940620695387,afferent,ascending,AN,AN_GNG,AN_GNG_166,,left,CV,acetylcholine
720575940629676857,afferent,ascending,AN,AN_GNG,AN_GNG_146,,left,CV,acetylcholine
720575940631811097,afferent,ascending,AN,AN_GNG_SAD,AN_GNG_SAD_32,,left,CV,acetylcholine
720575940629459420,afferent,ascending,AN,AN_AVLP_GNG,AN_AVLP_GNG_15,,left,CV,gaba
720575940621314836,afferent,ascending,AN,AN_SPS_IPS,AN_SPS_IPS_1,,left,CV,acetylcholine
720575940629810316,afferent,ascending,AN,AN_AVLP,AN_AVLP_48,,left,CV,acetylcholine
720575940610000602,afferent,ascending,AN,AN_GNG,AN_GNG_34,,left,CV,serotonin
720575940651404022,afferent,ascending,AN,AN_GNG,AN_GNG_201,,left,CV,acetylcholine
720575940630114079,afferent,ascending,AN,AN_GNG,AN_GNG_16,,left,CV,gaba
720575940630121503,afferent,ascending,AN,AN_AVLP_SAD,AN_AVLP_SAD_5,,left,CV,acetylcholine
720575940623997539,afferent,ascending,AN,,,,left,CV,serotonin
720575940630151455,afferent,ascending,AN,AN_AVLP,AN_AVLP_43,,left,CV,acetylcholine
720575940630193060,afferent,ascending,AN,AN_AVLP,AN_AVLP_48,,left,CV,acetylcholine
720575940630204959,afferent,ascending,AN,AN_GNG,AN_GNG_198,,left,CV,gaba
720575940618344606,afferent,ascending,AN,AN_multi,AN_multi_62,,left,CV,acetylcholine
720575940654220193,afferent,ascending,AN,AN_AVLP,AN_AVLP_21,,left,CV,acetylcholine
720575940646684292,afferent,ascending,AN,AN_GNG,AN_GNG_190,,left,CV,acetylcholine
720575940608321922,afferent,ascending,AN,AN_GNG,AN_GNG_112,,left,CV,acetylcholine
720575940628115561,afferent,ascending,AN,AN_AVLP,AN_AMMC_SAD_1,,left,CV,glutamate
720575940610083682,afferent,ascending,AN,AN_multi,AN_multi_42,,left,CV,acetylcholine
720575940611399573,afferent,ascending,AN,AN_GNG,AN_GNG_172,,left,CV,acetylcholine
720575940639022707,afferent,ascending,AN,AN_GNG,AN_GNG_172,,left,CV,acetylcholine
720575940628597455,afferent,ascending,AN,,,,left,CV,acetylcholine
720575940621227173,afferent,ascending,AN,AN_multi,AN_multi_117,,left,CV,acetylcholine
720575940606663881,afferent,ascending,AN,AN_AVLP_PVLP,AN_AVLP_PVLP_1,,left,CV,acetylcholine
720575940609643017,afferent,ascending,AN,AN_multi,AN_multi_17,IB113,left,CV,acetylcholine
720575940632805983,afferent,ascending,AN,AN_GNG,AN_GNG_84,,left,CV,acetylcholine
720575940633059179,afferent,ascending,AN,AN_GNG,AN_GNG_141,,left,CV,acetylcholine
720575940626210949,afferent,ascending,AN,AN_AVLP,AN_AVLP_53,,left,CV,acetylcholine
720575940626227774,afferent,ascending,AN,AN_GNG_SAD,AN_GNG_SAD_30,,left,CV,acetylcholine
720575940617423105,afferent,ascending,AN,AN_GNG_SAD,AN_GNG_SAD_34,,left,CV,acetylcholine
720575940632664268,afferent,ascending,AN,AN_GNG,AN_GNG_71,,left,CV,acetylcholine
720575940620052059,afferent,ascending,AN,AN_GNG_SAD,AN_GNG_SAD_21,,left,CV,acetylcholine
720575940633701487,afferent,ascending,AN,AN_GNG,AN_GNG_87,,left,CV,acetylcholine
720575940633702511,afferent,ascending,AN,AN_IPS_GNG,AN_IPS_GNG_6,,left,CV,acetylcholine
720575940635221172,afferent,ascending,AN,,,,left,CV,acetylcholine
720575940638991349,afferent,ascending,AN,AN_GNG,AN_GNG_166,,left,CV,acetylcholine
720575940633294817,afferent,ascending,AN,,ANXXX005,,left,CV,serotonin
720575940621493068,afferent,ascending,AN,AN_AVLP_PVLP,AN_AVLP_PVLP_6,,left,CV,acetylcholine
720575940615903605,afferent,ascending,AN,AN_multi,AN_multi_52,,left,CV,acetylcholine
720575940653617910,afferent,ascending,AN,AN_GNG_SAD,AN_GNG_SAD_11,,left,CV,acetylcholine
720575940639352947,afferent,ascending,AN,AN_VES_GNG,AN_VES_GNG_6,,left,CV,glutamate
720575940609073506,afferent,ascending,AN,AN_AVLP,AN_AVLP_53,,left,CV,acetylcholine
720575940634057335,afferent,ascending,AN,AN_GNG,AN_GNG_28,,left,CV,acetylcholine
720575940637203389,afferent,ascending,AN,AN_AVLP,AN_AVLP_28,,left,CV,acetylcholine
720575940604891360,afferent,ascending,AN,AN_GNG_PRW,AN_GNG_PRW_3,,left,CV,gaba
720575940614291181,afferent,ascending,AN,AN_GNG,AN_GNG_40,,left,CV,acetylcholine
720575940634111351,afferent,ascending,AN,AN_GNG,AN_GNG_77,,left,CV,acetylcholine
720575940618206262,afferent,ascending,AN,AN_multi,AN_multi_13,,left,CV,gaba
720575940626574504,afferent,ascending,AN,AN_AVLP,AN_AVLP_51,,left,CV,acetylcholine
720575940631928121,afferent,ascending,AN,AN_GNG,AN_GNG_165,,left,CV,acetylcholine
720575940625530114,afferent,ascending,AN,AN_GNG,AN_GNG_98,,left,CV,acetylcholine
720575940619987438,afferent,ascending,AN,AN_multi,AN_multi_66,,left,CV,acetylcholine
720575940634381454,afferent,ascending,AN,AN_AVLP_GNG,AN_AVLP_GNG_23,,left,CV,gaba
720575940639057973,afferent,ascending,AN,AN_AVLP,AN_AVLP_54,,left,CV,acetylcholine
720575940634627214,afferent,ascending,AN,AN_AVLP,AN_AVLP_12,,left,CV,acetylcholine
720575940634472590,afferent,ascending,AN,AN_GNG,AN_GNG_13,,left,CV,acetylcholine
720575940612087758,afferent,ascending,AN,AN_multi,AN_LH_AVLP_1,,left,CV,acetylcholine
720575940635697380,afferent,ascending,AN,AN_GNG,AN_GNG_57,,left,CV,gaba
720575940623202633,afferent,ascending,AN,AN_SPS_IPS,AN_SPS_IPS_6,,left,CV,acetylcholine
720575940626625546,afferent,ascending,AN,AN_multi,AN_multi_43,,left,CV,acetylcholine
720575940635891546,afferent,ascending,AN,AN_GNG,AN_GNG_170,,left,CV,acetylcholine
720575940621170721,afferent,ascending,AN,AN_GNG_VES,AN_GNG_VES_5,,left,CV,acetylcholine
720575940636444742,afferent,ascending,AN,AN_multi,AN_multi_64,,left,CV,acetylcholine
720575940637013349,afferent,ascending,AN,AN_multi,AN_multi_34,,left,CV,acetylcholine
720575940635274615,afferent,ascending,AN,AN_GNG,AN_GNG_23,,left,CV,gaba
720575940630780589,afferent,ascending,AN,AN_AVLP,AN_AVLP_22,,left,CV,gaba
720575940631041956,afferent,ascending,AN,AN_GNG,AN_GNG_69,,left,CV,serotonin
720575940617387549,afferent,ascending,AN,AN_GNG_VES,AN_GNG_VES_6,,left,CV,gaba
720575940637737088,afferent,ascending,AN,AN_GNG,AN_GNG_125,,left,CV,glutamate
720575940623497340,afferent,ascending,AN,AN_multi,AN_multi_54,,left,CV,acetylcholine
720575940639276349,afferent,ascending,AN,AN_GNG_WED,AN_GNG_WED_2,,left,CV,acetylcholine
720575940641285877,afferent,ascending,AN,AN_GNG,AN_GNG_75,,left,CV,glutamate
720575940609984881,afferent,ascending,AN,AN_AVLP_SAD,AN_AVLP_SAD_3,,left,CV,gaba
720575940622886158,afferent,ascending,AN,AN_AVLP,AN_AVLP_38,,left,CV,gaba
720575940627302908,afferent,ascending,AN,AN_multi,AN_multi_127,,left,CV,acetylcholine
720575940630724652,afferent,ascending,AN,AN_GNG,AN_GNG_74,,left,CV,gaba
720575940628177863,afferent,ascending,AN,AN_GNG,AN_GNG_7,,left,CV,acetylcholine
720575940620094366,afferent,ascending,AN,AN_GNG,AN_GNG_101,,left,CV,gaba
720575940613808326,afferent,ascending,AN,,,,left,CV,acetylcholine
720575940636686170,afferent,ascending,AN,AN_multi,AN_multi_30,,left,CV,gaba
720575940630182716,afferent,ascending,AN,AN_GNG,AN_GNG_165,,left,CV,acetylcholine
720575940629847451,afferent,ascending,AN,AN_GNG,AN_GNG_25,,left,CV,acetylcholine
720575940622569255,afferent,ascending,AN,AN_GNG_IPS,AN_GNG_IPS_19,,left,CV,acetylcholine
720575940644530484,afferent,ascending,AN,AN_GNG,AN_GNG_165,,left,CV,acetylcholine
720575940628885264,afferent,ascending,AN,AN_GNG,AN_GNG_180,,left,CV,acetylcholine
720575940644555572,afferent,ascending,AN,AN_AVLP_GNG,AN_AVLP_GNG_12,,left,CV,gaba
720575940629820794,afferent,ascending,AN,AN_GNG_VES,AN_GNG_VES_1,,left,CV,gaba
720575940644570932,afferent,ascending,AN,AN_GNG_VES,AN_GNG_VES_3,,left,CV,gaba
720575940604621257,afferent,ascending,AN,,,,right,CV,glutamate
720575940634523232,afferent,ascending,AN,AN_IPS_LAL,AN_IPS_LAL_1,,left,CV,acetylcholine
720575940645167492,afferent,ascending,AN,AN_GNG,AN_GNG_179,,left,CV,acetylcholine
720575940620354262,afferent,ascending,AN,AN_GNG,AN_GNG_161,,left,CV,acetylcholine
720575940647447161,afferent,ascending,AN,AN_GNG,AN_GNG_81,,left,CV,acetylcholine
720575940647474041,afferent,ascending,AN,,,,left,CV,acetylcholine
720575940647516025,afferent,ascending,AN,AN_GNG,AN_GNG_93,,left,CV,gaba
720575940647523705,afferent,ascending,AN,AN_GNG,AN_GNG_163,,left,CV,acetylcholine
720575940629941507,afferent,ascending,AN,AN_GNG,AN_GNG_199,,left,CV,serotonin
720575940637490776,afferent,ascending,AN,AN_GNG,AN_GNG_204,,left,CV,octopamine
720575940622150152,afferent,ascending,AN,AN_GNG,AN_GNG_165,,left,CV,acetylcholine
720575940633791599,afferent,ascending,AN,AN_GNG,AN_GNG_143,,left,CV,acetylcholine
720575940624792880,afferent,ascending,AN,AN_AVLP,AN_AVLP_3,,left,CV,acetylcholine
720575940627123206,afferent,ascending,AN,,,,left,CV,acetylcholine
720575940623388198,afferent,ascending,AN,AN_GNG,AN_GNG_58,,left,CV,acetylcholine
720575940611003858,afferent,ascending,AN,AN_SMP,AN_SMP_1,,left,CV,glutamate
720575940638907108,afferent,ascending,AN,AN_GNG,AN_GNG_89,,left,CV,acetylcholine
720575940635527092,afferent,ascending,AN,AN_multi,AN_multi_92,,left,CV,acetylcholine
720575940634614008,afferent,ascending,AN,,,,left,CV,glutamate
720575940630026745,afferent,ascending,AN,AN_multi,AN_multi_87,,left,CV,gaba
720575940617084673,afferent,ascending,AN,AN_GNG_SAD,AN_GNG_SAD_9,,left,CV,acetylcholine
720575940614298986,afferent,ascending,AN,AN_AVLP_PVLP,AN_AVLP_PVLP_10,,left,CV,acetylcholine
720575940607909899,afferent,ascending,AN,AN_AVLP_PVLP,AN_AVLP_PVLP_9,,left,CV,acetylcholine
720575940627252808,afferent,ascending,AN,,,,left,CV,acetylcholine
720575940620860654,afferent,ascending,AN,AN_SMP_FLA,AN_SMP_FLA_1,,left,CV,serotonin
720575940638206773,afferent,ascending,AN,AN_GNG,AN_GNG_103,,left,CV,glutamate
720575940620390054,afferent,ascending,AN,AN_multi,AN_multi_73,,left,CV,glutamate
720575940620407105,afferent,ascending,AN,AN_multi,AN_multi_85,,left,CV,acetylcholine
720575940606762953,afferent,ascending,AN,AN_SMP,AN_SMP_1,,left,CV,glutamate
720575940615500798,afferent,ascending,AN,AN_GNG_FLA,AN_GNG_FLA_4,,left,CV,dopamine
720575940630016761,afferent,ascending,AN,AN_multi,AN_multi_53,,left,CV,acetylcholine
720575940627304424,afferent,ascending,AN,AN_multi,AN_multi_89,,left,CV,acetylcholine
720575940628772034,afferent,ascending,AN,AN_AVLP_GNG,AN_AVLP_GNG_11,,left,CV,acetylcholine
720575940618395205,afferent,ascending,AN,AN_multi,AN_multi_88,,left,CV,acetylcholine
720575940637434202,afferent,ascending,AN,AN_FLA_PRW,AN_FLA_PRW_2,,left,CV,acetylcholine
720575940614569944,afferent,ascending,AN,AN_GNG,AN_GNG_106,,left,CV,glutamate
720575940626021016,afferent,ascending,AN,AN_GNG_SAD,AN_GNG_SAD_7,,left,CV,acetylcholine
720575940626719621,afferent,ascending,AN,AN_VES_GNG,AN_VES_GNG_5,,left,CV,acetylcholine
720575940617611921,afferent,ascending,AN,AN_multi,AN_multi_82,"hb611262552,hb704367157",left,CV,acetylcholine
720575940611548273,afferent,ascending,AN,AN_multi,AN_multi_84,,left,CV,acetylcholine
720575940615110450,afferent,ascending,AN,AN_GNG,AN_GNG_181,,left,CV,gaba
720575940618259269,afferent,ascending,AN,AN_multi,AN_multi_95,,left,CV,acetylcholine
720575940653877409,afferent,ascending,AN,AN_SMP,AN_SMP_1,,left,CV,glutamate
720575940617999700,afferent,ascending,AN,AN_GNG_SAD,AN_GNG_SAD_28,,left,CV,serotonin
720575940612327091,afferent,ascending,AN,AN_multi,AN_multi_65,,left,CV,acetylcholine
720575940611429489,afferent,ascending,AN,AN_GNG_FLA,AN_GNG_FLA_3,,left,CV,acetylcholine
720575940623324395,afferent,ascending,AN,AN_AVLP_PVLP,AN_AVLP_PVLP_8,,left,CV,acetylcholine
720575940618354267,afferent,ascending,AN,AN_FLA_PRW,AN_FLA_PRW_2,,left,CV,acetylcholine
720575940620405869,afferent,ascending,AN,,,,left,CV,glutamate
720575940622461636,afferent,ascending,AN,AN_multi,AN_multi_79,,left,CV,acetylcholine
720575940632519588,afferent,ascending,AN,AN_GNG,AN_GNG_108,,left,CV,acetylcholine
720575940632830163,afferent,ascending,AN,AN_GNG_SAD,AN_GNG_SAD_17,,left,CV,acetylcholine
720575940618054981,afferent,ascending,AN,AN_multi,AN_multi_77,,left,CV,acetylcholine
720575940620686360,afferent,ascending,AN,AN_SMP,AN_SMP_1,,left,CV,glutamate
720575940619661888,afferent,ascending,AN,AN_SMP,AN_SMP_3,,left,CV,serotonin
720575940640713843,afferent,ascending,AN,AN_GNG_SAD,AN_GNG_SAD_29,,left,CV,acetylcholine
720575940614614162,afferent,ascending,AN,AN_FLA_SMP,AN_FLA_SMP_2,,left,CV,serotonin
720575940622642663,afferent,ascending,AN,AN_FLA_GNG,AN_FLA_GNG_1,,left,CV,glutamate
720575940640096976,afferent,ascending,AN,AN_GNG,AN_GNG_109,,left,CV,gaba
720575940634615288,afferent,ascending,AN,AN_multi,AN_multi_1,,left,CV,glutamate
720575940623330192,afferent,ascending,AN,AN_GNG_SAD,AN_GNG_SAD_20,,left,CV,serotonin
720575940626981157,afferent,ascending,AN,,,,left,CV,glutamate
720575940619914581,afferent,ascending,AN,AN_multi,AN_multi_71,,left,CV,acetylcholine
720575940630234684,afferent,ascending,AN,AN_GNG_SAD,AN_GNG_SAD_18,,left,CV,gaba
720575940630791597,afferent,ascending,AN,AN_GNG,AN_GNG_110,,left,CV,acetylcholine
720575940625355920,afferent,ascending,AN,AN_GNG,AN_GNG_150,,left,CV,gaba
720575940618957825,afferent,ascending,AN,AN_multi,AN_multi_86,,left,CV,acetylcholine
720575940608090069,afferent,ascending,AN,AN_multi,AN_multi_122,,left,CV,acetylcholine
720575940606324402,afferent,ascending,AN,AN_multi,AN_multi_76,,left,CV,acetylcholine
720575940627541954,afferent,ascending,AN,AN_GNG,AN_GNG_52,,left,CV,acetylcholine
720575940633299481,afferent,ascending,AN,AN_GNG,AN_GNG_105,,left,CV,acetylcholine
720575940617894429,afferent,ascending,AN,AN_AVLP_GNG,AN_AVLP_GNG_10,,left,CV,gaba
720575940630993194,afferent,ascending,AN,AN_multi,AN_multi_93,,left,CV,acetylcholine
720575940605708478,afferent,ascending,AN,AN_multi,AN_multi_75,,left,CV,glutamate
720575940614648273,afferent,ascending,AN,AN_multi,AN_multi_78,,left,CV,serotonin
720575940628876741,afferent,ascending,AN,,,,right,CV,glutamate
720575940630689388,afferent,ascending,AN,AN_multi,AN_multi_83,,left,CV,acetylcholine
720575940629183131,afferent,ascending,AN,AN_GNG_SAD,AN_GNG_SAD_27,,left,CV,serotonin
720575940626462014,afferent,ascending,AN,AN_multi,AN_multi_28,PS299,left,CV,gaba
720575940628249938,afferent,ascending,AN,AN_FLA_GNG,AN_FLA_GNG_2,,left,CV,acetylcholine
720575940634321855,afferent,ascending,AN,AN_FLA,AN_FLA_1,,left,CV,glutamate
720575940630170421,afferent,ascending,AN,AN_FLA_GNG,AN_FLA_GNG_1,,left,CV,glutamate
720575940613261810,afferent,ascending,AN,AN_multi,AN_multi_90,,left,CV,acetylcholine
720575940622830836,afferent,ascending,AN,AN_multi,AN_multi_23,,left,CV,acetylcholine
720575940635329180,afferent,ascending,AN,AN_GNG_SAD,AN_GNG_SAD_16,,left,CV,acetylcholine
720575940635416686,afferent,ascending,AN,AN_multi,AN_multi_74,,left,CV,acetylcholine
720575940637444771,afferent,ascending,AN,AN_SAD_GNG,AN_SAD_GNG_2,,left,CV,acetylcholine
720575940623363000,afferent,ascending,AN,AN_SMP,AN_SMP_2,SAG,left,CV,serotonin
720575940604865312,afferent,ascending,AN,AN_AVLP_GNG,AN_AVLP_GNG_9,,left,CV,acetylcholine
720575940645199748,afferent,ascending,AN,AN_GNG,AN_GNG_140,,left,CV,acetylcholine
720575940631244648,afferent,ascending,AN,AN_GNG,AN_GNG_107,,left,CV,acetylcholine
720575940627760640,afferent,ascending,AN,AN_GNG,AN_GNG_130,,left,CV,serotonin
720575940626894394,afferent,ascending,AN,AN_IPS_GNG,AN_IPS_GNG_1,,left,CV,glutamate
720575940606552450,afferent,ascending,AN,AN_GNG,AN_GNG_177,,left,CV,gaba
720575940644561518,afferent,ascending,AN,AN_GNG,AN_GNG_195,,left,CV,serotonin
720575940639048181,afferent,ascending,AN,,,,left,CV,acetylcholine
720575940633304601,afferent,ascending,AN,AN_multi,AN_multi_3,,left,CV,glutamate
720575940617918091,afferent,ascending,AN,AN_multi,AN_multi_128,,left,CV,acetylcholine
720575940617593157,afferent,ascending,AN,AN_multi,AN_multi_67,,left,CV,acetylcholine
720575940633717615,afferent,ascending,AN,AN_GNG_IPS,AN_GNG_IPS_14,,left,CV,acetylcholine
720575940615509734,afferent,ascending,AN,AN_GNG,AN_GNG_171,,left,CV,acetylcholine
720575940626333971,afferent,ascending,AN,AN_IPS_GNG,AN_IPS_GNG_3,,left,CV,acetylcholine
720575940608508681,afferent,ascending,AN,AN_GNG,AN_GNG_175,,left,CV,acetylcholine
720575940619888622,afferent,ascending,AN,AN_PRW_FLA,AN_PRW_FLA_1,,left,CV,glutamate
720575940623161869,afferent,ascending,AN,AN_GNG_SPS,AN_GNG_SPS_1,,left,CV,acetylcholine
720575940623854276,afferent,ascending,AN,AN_IPS_GNG,AN_IPS_GNG_5,,left,CV,acetylcholine
720575940614128593,afferent,ascending,AN,AN_GNG,AN_GNG_20,,left,CV,serotonin
720575940622620455,afferent,ascending,AN,AN_GNG_SPS,AN_GNG_SPS_1,,left,CV,acetylcholine
720575940625202505,afferent,ascending,AN,AN_GNG_SAD,AN_GNG_SAD_34,,left,CV,acetylcholine
720575940626728323,afferent,ascending,AN,AN_VES_WED,AN_VES_WED_3,,left,CV,acetylcholine
720575940642513444,afferent,ascending,AN,AN_GNG,AN_GNG_43,,left,CV,acetylcholine
720575940647033396,afferent,ascending,AN,AN_GNG_PRW,AN_GNG_PRW_2,,left,CV,gaba
720575940612303271,afferent,ascending,AN,AN_GNG,AN_GNG_162,,left,CV,acetylcholine
720575940627775375,afferent,ascending,AN,AN_GNG,AN_GNG_14,,left,CV,acetylcholine
720575940618426021,afferent,ascending,AN,AN_multi,AN_multi_60,,left,CV,acetylcholine
720575940605119776,afferent,ascending,AN,AN_GNG_SAD,AN_GNG_SAD_2,,left,CV,acetylcholine
720575940620769741,afferent,ascending,AN,AN_GNG_IPS,AN_GNG_IPS_5,,left,CV,gaba
720575940625758980,afferent,ascending,AN,AN_AVLP_SAD,AN_AVLP_SAD_5,,left,CV,acetylcholine
720575940641259392,afferent,ascending,AN,AN_GNG,AN_GNG_38,,left,CV,gaba
720575940631901977,afferent,ascending,AN,,,,left,CV,serotonin
720575940623725616,afferent,ascending,AN,AN_GNG,AN_GNG_92,,left,CV,acetylcholine
720575940629425346,afferent,ascending,AN,,,,left,CV,acetylcholine
720575940618659008,afferent,ascending,AN,AN_GNG_IPS,AN_GNG_IPS_13,,left,CV,acetylcholine
720575940621157364,afferent,ascending,AN,AN_multi,AN_multi_99,,left,CV,acetylcholine
720575940602893228,afferent,ascending,AN,AN_IPS_GNG,AN_IPS_GNG_6,,left,CV,acetylcholine
720575940603600230,afferent,ascending,AN,AN_GNG,AN_GNG_139,,left,CV,acetylcholine
720575940617301563,afferent,ascending,AN,AN_GNG,AN_GNG_49,,left,CV,gaba
720575940610167961,afferent,ascending,AN,AN_GNG_SAD,AN_GNG_SAD_26,,left,CV,octopamine
720575940610612850,afferent,ascending,AN,AN_GNG,AN_GNG_39,,left,CV,gaba
720575940614284946,afferent,ascending,AN,AN_GNG,AN_GNG_163,,left,CV,acetylcholine
720575940631412778,afferent,ascending,AN,AN_GNG,AN_GNG_96,,left,CV,acetylcholine
720575940630127660,afferent,ascending,AN,,,,left,CV,glutamate
720575940621706605,afferent,ascending,AN,AN_GNG,AN_GNG_73,,left,CV,gaba
720575940613656557,afferent,ascending,AN,AN_multi,AN_multi_57,,left,CV,acetylcholine
720575940628552699,afferent,ascending,AN,AN_AVLP,AN_AVLP_8,,left,CV,gaba
720575940630633231,afferent,ascending,AN,,,,left,CV,acetylcholine
720575940612512146,afferent,ascending,AN,AN_multi,AN_multi_114,,left,CV,acetylcholine
720575940617662438,afferent,ascending,AN,AN_AVLP_GNG,AN_AVLP_GNG_13,,left,CV,gaba
720575940610960021,afferent,ascending,AN,AN_multi,AN_multi_118,,left,CV,acetylcholine
720575940612341683,afferent,ascending,AN,,AN01A021,,left,CV,serotonin
720575940626426823,afferent,ascending,AN,AN_AVLP,AN_AVLP_53,,left,CV,acetylcholine
720575940630502604,afferent,ascending,AN,AN_AVLP,AN_AVLP_28,,left,CV,acetylcholine
720575940622136573,afferent,ascending,AN,AN_AVLP,AN_AVLP_51,,left,CV,acetylcholine
720575940606450955,afferent,ascending,AN,AN_GNG,AN_GNG_145,,left,CV,acetylcholine
720575940638928868,afferent,ascending,AN,AN_GNG,AN_GNG_26,,left,CV,gaba
720575940621288230,afferent,ascending,AN,AN_GNG,AN_GNG_165,,left,CV,acetylcholine
720575940621697193,afferent,ascending,AN,AN_GNG_SAD,AN_GNG_SAD_4,,left,CV,acetylcholine
720575940639772221,afferent,ascending,AN,AN_multi,AN_multi_98,,left,CV,acetylcholine
720575940623695252,afferent,ascending,AN,AN_GNG_VES,AN_GNG_VES_11,,left,CV,gaba
720575940626791964,afferent,ascending,AN,,,,left,CV,acetylcholine
720575940622879758,afferent,ascending,AN,AN_GNG,AN_GNG_44,,left,CV,acetylcholine
720575940623553936,afferent,ascending,AN,AN_AVLP,AN_AVLP_51,,left,CV,acetylcholine
720575940631803929,afferent,ascending,AN,AN_GNG,AN_GNG_104,,left,CV,glutamate
720575940623962430,afferent,ascending,AN,AN_GNG,AN_GNG_152,,left,CV,serotonin
720575940624511833,afferent,ascending,AN,AN_VES_GNG,AN_VES_GNG_8,,left,CV,acetylcholine
720575940625100169,afferent,ascending,AN,AN_GNG,AN_GNG_163,,left,CV,acetylcholine
720575940625519633,afferent,ascending,AN,AN_GNG,AN_GNG_1,,left,CV,acetylcholine
720575940624309006,afferent,ascending,AN,AN_WED_GNG,AN_WED_GNG_1,,left,CV,acetylcholine
720575940625716552,afferent,ascending,AN,,,,left,CV,glutamate
720575940626655311,afferent,ascending,AN,,,,left,CV,acetylcholine
720575940636703374,afferent,ascending,AN,AN_multi,AN_multi_45,,left,CV,acetylcholine
720575940627604471,afferent,ascending,AN,AN_IPS_GNG,AN_IPS_GNG_6,,left,CV,acetylcholine
720575940629752190,afferent,ascending,AN,AN_multi,AN_multi_112,,left,CV,acetylcholine
720575940627844407,afferent,ascending,AN,,,,left,CV,acetylcholine
720575940628212695,afferent,ascending,AN,AN_multi,AN_multi_35,,left,CV,acetylcholine
720575940623160202,afferent,ascending,AN,AN_GNG_SAD,AN_GNG_SAD_31,,left,CV,acetylcholine
720575940622631382,afferent,ascending,AN,AN_LAL,AN_LAL_1,,left,CV,serotonin
720575940633954927,afferent,ascending,AN,AN_GNG,AN_GNG_161,,left,CV,acetylcholine
720575940631622681,afferent,ascending,AN,AN_GNG,AN_GNG_196,,left,CV,serotonin
720575940634332773,afferent,ascending,AN,AN_GNG,AN_GNG_197,,left,CV,glutamate
720575940626890027,afferent,ascending,AN,,,,right,CV,glutamate
720575940637496179,afferent,ascending,AN,AN_GNG,AN_GNG_174,,left,CV,acetylcholine
720575940632533203,afferent,ascending,AN,AN_multi,AN_multi_22,,left,CV,acetylcholine
720575940641703584,afferent,ascending,AN,AN_AVLP,AN_AVLP_53,,left,CV,acetylcholine
720575940641781152,afferent,ascending,AN,AN_GNG,AN_GNG_178,,left,CV,glutamate
720575940652663457,afferent,ascending,AN,AN_AVLP,AN_AVLP_53,,left,CV,acetylcholine
720575940639137955,afferent,ascending,AN,AN_multi,AN_multi_37,,left,CV,acetylcholine
720575940615263188,afferent,ascending,AN,,AN_GNG_59,,left,CV,acetylcholine
720575940606224318,afferent,ascending,AN,AN_GNG,AN_GNG_80,,left,CV,gaba
720575940618737954,afferent,ascending,AN,AN_GNG,AN_GNG_22,,left,CV,acetylcholine
720575940621871797,afferent,ascending,AN,AN_GNG_IPS,AN_GNG_IPS_14,,left,CV,acetylcholine
720575940622803494,afferent,ascending,AN,,,,right,CV,serotonin
720575940630254929,afferent,ascending,AN,,,,left,CV,acetylcholine
720575940627404090,afferent,ascending,AN,AN_GNG_SAD,AN_GNG_SAD_32,,left,CV,acetylcholine
720575940621084040,afferent,ascending,AN,AN_GNG,AN_GNG_172,,left,CV,acetylcholine
720575940619841886,afferent,ascending,AN,AN_AVLP,AN_AVLP_51,,left,CV,acetylcholine
720575940620677302,afferent,ascending,AN,AN_AVLP,AN_AVLP_53,,left,CV,acetylcholine
720575940650261494,afferent,ascending,AN,AN_GNG,AN_GNG_130,,left,CV,acetylcholine
720575940629965932,afferent,ascending,AN,AN_GNG,AN_GNG_51,,left,CV,gaba
720575940615438521,afferent,ascending,AN,AN_GNG,AN_GNG_165,,left,CV,acetylcholine
720575940628548711,afferent,ascending,AN,AN_SAD_GNG,AN_SAD_GNG_1,,left,CV,gaba
720575940627824712,afferent,ascending,AN,AN_GNG_AMMC,AN_GNG_AMMC_1,,left,CV,gaba
720575940644666916,afferent,ascending,AN,AN_GNG,AN_GNG_2,,left,CV,acetylcholine
720575940627538690,afferent,ascending,AN,AN_GNG,AN_GNG_153,,left,CV,gaba
720575940619910177,afferent,ascending,AN,AN_GNG,AN_GNG_172,,left,CV,acetylcholine
720575940623118029,afferent,ascending,AN,AN_GNG_FLA,AN_GNG_FLA_2,,left,CV,acetylcholine
720575940629202962,afferent,ascending,AN,AN_GNG,AN_GNG_31,,left,CV,serotonin
720575940627348712,afferent,ascending,AN,AN_GNG,AN_GNG_35,,left,CV,gaba
720575940613235423,afferent,ascending,AN,AN_GNG,AN_GNG_179,,left,CV,acetylcholine
720575940613510002,afferent,ascending,AN,AN_multi,AN_multi_68,,left,CV,acetylcholine
720575940630763724,afferent,ascending,AN,AN_GNG_IPS,AN_GNG_IPS_12,,left,CV,glutamate
720575940626339130,afferent,ascending,AN,AN_AVLP_GNG,AN_AVLP_GNG_1,,left,CV,acetylcholine
720575940642422157,afferent,ascending,AN,AN_multi,AN_multi_8,,left,CV,glutamate
720575940611932842,afferent,ascending,AN,AN_multi,AN_multi_19,,left,CV,gaba
720575940646554659,afferent,ascending,AN,AN_SPS_IPS,AN_SPS_IPS_2,,left,CV,acetylcholine
720575940645413940,afferent,ascending,AN,AN_GNG_IPS,AN_GNG_IPS_10,,left,CV,acetylcholine
720575940624180519,afferent,ascending,AN,AN_AVLP,AN_AVLP_45,,left,CV,acetylcholine
720575940627378950,afferent,ascending,AN,AN_AVLP,AN_AVLP_29,,left,CV,acetylcholine
720575940620670657,afferent,ascending,AN,AN_multi,AN_multi_116,,left,CV,acetylcholine
720575940618942721,afferent,ascending,AN,AN_GNG,AN_GNG_19,,left,CV,gaba
720575940606421001,afferent,ascending,AN,AN_IPS_GNG,AN_IPS_GNG_4,,left,CV,acetylcholine
720575940612331618,afferent,ascending,AN,AN_multi,AN_multi_38,,left,CV,gaba
720575940625883934,afferent,ascending,AN,,,,left,CV,serotonin
720575940611853265,afferent,ascending,AN,AN_GNG_VES,AN_GNG_VES_9,,left,CV,acetylcholine
720575940629528380,afferent,ascending,AN,AN_GNG_VES,AN_GNG_VES_10,,left,CV,acetylcholine
720575940611877841,afferent,ascending,AN,AN_multi,AN_multi_2,,left,CV,acetylcholine
720575940605223601,afferent,ascending,AN,AN_GNG,AN_GNG_177,,left,CV,acetylcholine
720575940628428443,afferent,ascending,AN,AN_multi,AN_multi_49,,left,CV,acetylcholine
720575940613292610,afferent,ascending,AN,AN_GNG_IPS,AN_GNG_IPS_14,,left,CV,acetylcholine
720575940613439903,afferent,ascending,AN,AN_GNG,AN_GNG_171,,left,CV,acetylcholine
720575940613882822,afferent,ascending,AN,AN_GNG,AN_GNG_165,,left,CV,acetylcholine
720575940614438685,afferent,ascending,AN,AN_multi,AN_multi_44,,left,CV,acetylcholine
720575940628598142,afferent,ascending,AN,AN_VES_GNG,AN_VES_GNG_8,,left,CV,acetylcholine
720575940616862550,afferent,ascending,AN,AN_GNG,AN_GNG_172,,left,CV,acetylcholine
720575940646473838,afferent,ascending,AN,AN_GNG_VES,AN_GNG_VES_4,,left,CV,acetylcholine
720575940621363469,afferent,ascending,AN,AN_GNG,AN_GNG_172,,left,CV,acetylcholine
720575940634626144,afferent,ascending,AN,AN_multi,AN_multi_72,,left,CV,glutamate
720575940618401605,afferent,ascending,AN,AN_IPS_GNG,AN_IPS_GNG_6,,left,CV,acetylcholine
720575940632754003,afferent,ascending,AN,AN_multi,AN_multi_27,,left,CV,acetylcholine
720575940619389168,afferent,ascending,AN,AN_GNG_SAD,AN_GNG_SAD_31,,left,CV,serotonin
720575940620718605,afferent,ascending,AN,AN_GNG,AN_GNG_113,,left,CV,acetylcholine
720575940620742605,afferent,ascending,AN,AN_WED_GNG,AN_WED_GNG_2,,left,CV,acetylcholine
720575940627488252,afferent,ascending,AN,AN_GNG_SAD,AN_GNG_SAD_22,,left,CV,serotonin
720575940621114974,afferent,ascending,AN,AN_multi,AN_multi_6,,left,CV,gaba
720575940621762567,afferent,ascending,AN,,,,right,CV,acetylcholine
720575940622561063,afferent,ascending,AN,,,,left,CV,acetylcholine
720575940623817776,afferent,ascending,AN,AN_AVLP,AN_AVLP_10,,left,CV,gaba
720575940619054433,afferent,ascending,AN,AN_GNG,AN_GNG_172,,left,CV,acetylcholine
720575940619202901,afferent,ascending,AN,AN_multi,AN_multi_58,,left,CV,acetylcholine
720575940629972983,afferent,ascending,AN,AN_GNG,AN_GNG_175,,left,CV,acetylcholine
720575940634584312,afferent,ascending,AN,AN_GNG,AN_GNG_156,,left,CV,acetylcholine
720575940632015699,afferent,ascending,AN,,,,left,CV,gaba
720575940629630520,afferent,ascending,AN,AN_AVLP,AN_AVLP_35,,left,CV,acetylcholine
720575940616449093,afferent,ascending,AN,AN_multi,AN_multi_24,,left,CV,acetylcholine
720575940627546750,afferent,ascending,AN,AN_AVLP,AN_AVLP_45,,left,CV,acetylcholine
720575940624822003,afferent,ascending,AN,AN_GNG,AN_GNG_181,,left,CV,gaba
720575940627108967,afferent,ascending,AN,AN_GNG_IPS,AN_GNG_IPS_19,,left,CV,acetylcholine
720575940606401970,afferent,ascending,AN,,,,left,CV,serotonin
720575940620066142,afferent,ascending,AN,AN_GNG,AN_GNG_24,,left,CV,acetylcholine
720575940627697664,afferent,ascending,AN,AN_GNG,AN_GNG_162,,left,CV,acetylcholine
720575940628552054,afferent,ascending,AN,AN_AVLP,AN_AVLP_34,,left,CV,acetylcholine
720575940615307154,afferent,ascending,AN,AN_multi,AN_multi_15,,left,CV,gaba
720575940621013517,afferent,ascending,AN,AN_GNG,AN_GNG_203,,left,CV,acetylcholine
720575940631401698,afferent,ascending,AN,AN_GNG,AN_GNG_175,,left,CV,acetylcholine
720575940619801793,afferent,ascending,AN,AN_GNG,AN_GNG_148,,left,CV,acetylcholine
720575940617484248,afferent,ascending,AN,AN_GNG,AN_GNG_175,,left,CV,acetylcholine
720575940605692704,afferent,ascending,AN,AN_GNG,AN_GNG_175,,left,CV,acetylcholine
720575940627881728,afferent,ascending,AN,AN_IPS_GNG,AN_IPS_GNG_2,,left,CV,acetylcholine
720575940613706546,afferent,ascending,AN,AN_AVLP_GNG,AN_AVLP_GNG_5,,left,CV,acetylcholine
720575940620373469,afferent,ascending,AN,AN_multi,AN_multi_46,,left,CV,acetylcholine
720575940613266026,afferent,ascending,AN,AN_GNG,AN_GNG_169,,left,CV,acetylcholine
720575940606346332,afferent,ascending,AN,AN_GNG,AN_GNG_120,,left,CV,glutamate
720575940619533483,afferent,ascending,AN,,,,left,CV,glutamate
720575940627493638,afferent,ascending,AN,AN_GNG_SAD,AN_GNG_SAD_30,,left,CV,acetylcholine
720575940611778713,afferent,ascending,AN,AN_GNG,AN_GNG_117,,left,CV,acetylcholine
720575940623302988,afferent,ascending,AN,AN_multi,AN_multi_81,,left,CV,acetylcholine
720575940611904296,afferent,ascending,AN,AN_multi,AN_multi_103,,left,CV,gaba
720575940612416766,afferent,ascending,AN,AN_GNG,AN_GNG_200,,left,CV,gaba
720575940624057525,afferent,ascending,AN,AN_GNG_IPS,AN_GNG_IPS_1,,left,CV,acetylcholine
720575940635905893,afferent,ascending,AN,AN_AVLP,AN_AVLP_53,,left,CV,acetylcholine
720575940611603502,afferent,ascending,AN,AN_AVLP,AN_AVLP_36,,left,CV,acetylcholine
720575940628851984,afferent,ascending,AN,,,,left,CV,acetylcholine
720575940623060883,afferent,ascending,AN,AN_GNG,AN_GNG_9,,left,CV,acetylcholine
720575940625101389,afferent,ascending,AN,,,,left,CV,serotonin
720575940622072299,afferent,ascending,AN,AN_GNG,AN_GNG_175,,left,CV,acetylcholine
720575940618019207,afferent,ascending,AN,,,,left,CV,acetylcholine
720575940610514073,afferent,ascending,AN,AN_AVLP_GNG,AN_AVLP_GNG_21,,left,CV,acetylcholine
720575940618459485,afferent,ascending,AN,AN_GNG,AN_GNG_69,,left,CV,gaba
720575940628515115,afferent,ascending,AN,AN_GNG,AN_GNG_78,,left,CV,acetylcholine
720575940620096926,afferent,ascending,AN,AN_GNG,AN_GNG_67,,left,CV,gaba
720575940633183559,afferent,ascending,AN,AN_GNG_VES,AN_GNG_VES_9,,left,CV,acetylcholine
720575940634725345,afferent,ascending,AN,AN_AVLP_GNG,AN_AVLP_GNG_7,,left,CV,gaba
720575940629416266,afferent,ascending,AN,AN_multi,AN_multi_121,,left,CV,acetylcholine
720575940624910128,afferent,ascending,AN,AN_multi,AN_multi_61,,left,CV,acetylcholine
720575940621749697,afferent,ascending,AN,AN_multi,AN_multi_31,,left,CV,glutamate
720575940640413043,afferent,ascending,AN,AN_GNG,AN_GNG_66,,left,CV,glutamate
720575940611123093,afferent,ascending,AN,AN_GNG_SAD,AN_GNG_SAD_33,,left,CV,gaba
720575940620811656,afferent,ascending,AN,AN_GNG,AN_GNG_46,,left,CV,glutamate
720575940643683744,afferent,ascending,AN,AN_AVLP_PVLP,AN_AVLP_PVLP_4,,left,CV,acetylcholine
720575940633884512,afferent,ascending,AN,AN_multi,AN_multi_40,,left,CV,gaba
720575940609651758,afferent,ascending,AN,AN_AVLP,AN_AVLP_42,,left,CV,acetylcholine
720575940620631974,afferent,ascending,AN,AN_GNG,AN_GNG_76,,left,CV,acetylcholine
720575940628599803,afferent,ascending,AN,AN_GNG,AN_GNG_184,,left,CV,acetylcholine
720575940629901047,afferent,ascending,AN,AN_AVLP,AN_AVLP_9,,left,CV,gaba
720575940619373703,afferent,ascending,AN,AN_AVLP,AN_AVLP_14,,left,CV,acetylcholine
720575940610784370,afferent,ascending,AN,AN_GNG,AN_GNG_198,,left,CV,gaba
720575940639811024,afferent,ascending,AN,AN_AVLP,AN_AVLP_17,,left,CV,acetylcholine
720575940621057285,afferent,ascending,AN,AN_AVLP,AN_AVLP_31,,left,CV,acetylcholine
720575940629185084,afferent,ascending,AN,AN_GNG,AN_GNG_167,,left,CV,glutamate
720575940621765813,afferent,ascending,AN,AN_GNG,AN_GNG_60,,left,CV,glutamate
720575940622401267,afferent,ascending,AN,AN_GNG,AN_GNG_191,,left,CV,acetylcholine
720575940629473067,afferent,ascending,AN,AN_GNG,AN_GNG_172,,left,CV,serotonin
720575940623777061,afferent,ascending,AN,AN_GNG,AN_GNG_142,,left,CV,acetylcholine
720575940603814060,afferent,ascending,AN,AN_AVLP_GNG,AN_AVLP_GNG_23,,left,CV,gaba
720575940627403719,afferent,ascending,AN,AN_GNG,AN_GNG_190,,left,CV,acetylcholine
720575940635029146,afferent,ascending,AN,AN_GNG_VES,AN_GNG_VES_7,,left,CV,gaba
720575940640396173,afferent,ascending,AN,AN_GNG,AN_GNG_37,,left,CV,acetylcholine
720575940625429647,afferent,ascending,AN,AN_IPS_GNG,AN_IPS_GNG_6,,left,CV,acetylcholine
720575940625486357,afferent,ascending,AN,AN_AVLP_SAD,AN_AVLP_SAD_1,,left,CV,acetylcholine
720575940612887080,afferent,ascending,AN,AN_VES_GNG,AN_VES_GNG_1,,left,CV,gaba
720575940614678751,afferent,ascending,AN,AN_GNG,AN_GNG_197,,left,CV,glutamate
720575940622102182,afferent,ascending,AN,AN_AVLP_GNG,AN_AVLP_GNG_21,,left,CV,acetylcholine
720575940612608790,afferent,ascending,AN,AN_AVLP,AN_AVLP_51,,right,CV,acetylcholine
720575940640515699,afferent,ascending,AN,AN_GNG,AN_GNG_123,,left,CV,glutamate
720575940637106295,afferent,ascending,AN,AN_GNG,AN_GNG_154,,left,CV,serotonin
720575940610906773,afferent,ascending,AN,AN_GNG,AN_GNG_119,,left,CV,gaba
720575940608729795,afferent,ascending,AN,AN_GNG_VES,AN_GNG_VES_7,,left,CV,gaba
720575940627560386,afferent,ascending,AN,AN_AVLP_GNG,AN_AVLP_GNG_23,,left,CV,gaba
720575940612861077,afferent,ascending,AN,AN_IPS_GNG,AN_IPS_GNG_7,,left,CV,gaba
720575940628962891,afferent,ascending,AN,AN_GNG,AN_GNG_69,,left,CV,serotonin
720575940617050196,afferent,ascending,AN,AN_GNG,AN_GNG_188,,left,CV,gaba
720575940630126161,afferent,ascending,AN,AN_GNG,AN_GNG_189,,left,CV,gaba
720575940623400629,afferent,ascending,AN,AN_GNG_AMMC,AN_GNG_AMMC_3,,left,CV,gaba
720575940627313180,afferent,ascending,AN,AN_VES_GNG,AN_VES_GNG_3,,left,CV,acetylcholine
720575940632786586,afferent,ascending,AN,AN_FLA_VES,AN_FLA_VES_1,,left,CV,acetylcholine
720575940632834911,afferent,ascending,AN,AN_GNG,AN_GNG_41,,left,CV,gaba
720575940633387768,afferent,ascending,AN,AN_GNG,AN_GNG_197,,left,CV,gaba
720575940614997555,afferent,ascending,AN,,MsAHN,,left,CV,serotonin
720575940637396851,afferent,ascending,AN,AN_GNG,AN_GNG_168,,left,CV,glutamate
720575940611255475,afferent,ascending,AN,AN_AVLP,AN_AVLP_34,,left,CV,acetylcholine
720575940645704996,afferent,ascending,AN,AN_AVLP,AN_AVLP_6,,left,CV,acetylcholine
720575940623234567,afferent,ascending,AN,AN_AVLP,AN_AVLP_43,,left,CV,acetylcholine
720575940635668622,afferent,ascending,AN,AN_AVLP,AN_AVLP_32,,left,CV,acetylcholine
720575940635591776,afferent,ascending,AN,AN_multi,AN_multi_4,,left,CV,acetylcholine
720575940641824200,afferent,ascending,AN,AN_GNG,AN_GNG_169,,left,CV,acetylcholine
720575940613530093,afferent,ascending,AN,AN_GNG,AN_GNG_165,,left,CV,acetylcholine
720575940644591668,afferent,ascending,AN,AN_GNG,AN_GNG_184,,left,CV,acetylcholine
720575940605707198,afferent,ascending,AN,AN_AVLP,AN_AVLP_1,,left,CV,acetylcholine
720575940628337511,afferent,ascending,AN,AN_GNG_IPS,AN_GNG_IPS_8,,left,CV,glutamate
720575940627200004,afferent,ascending,AN,AN_GNG,AN_GNG_83,,left,CV,acetylcholine
720575940637149006,afferent,ascending,AN,AN_GNG,AN_GNG_142,,left,CV,acetylcholine
720575940633142831,afferent,ascending,AN,AN_GNG,AN_GNG_178,,left,CV,gaba
720575940616813947,afferent,ascending,AN,AN_GNG,AN_GNG_175,,left,CV,serotonin
720575940622109769,afferent,ascending,AN,AN_GNG,AN_GNG_132,,left,CV,glutamate
720575940612066223,afferent,ascending,AN,AN_SPS_IPS,AN_SPS_IPS_2,,left,CV,acetylcholine
720575940620807437,afferent,ascending,AN,AN_GNG_IPS,AN_GNG_IPS_16,,left,CV,acetylcholine
720575940632781722,afferent,ascending,AN,,,,left,CV,acetylcholine
720575940630137425,afferent,ascending,AN,AN_GNG,AN_GNG_27,,left,CV,acetylcholine
720575940623210445,afferent,ascending,AN,AN_GNG,AN_GNG_21,,left,CV,acetylcholine
720575940624871710,afferent,ascending,AN,AN_AVLP,AN_AVLP_4,,left,CV,acetylcholine
720575940614418794,afferent,ascending,AN,AN_GNG,AN_GNG_70,,left,CV,serotonin
720575940627022824,afferent,ascending,AN,AN_AVLP,AN_AVLP_52,,left,CV,gaba
720575940613497395,afferent,ascending,AN,AN_GNG_SAD,AN_GNG_SAD_3,,left,CV,gaba
720575940635047068,afferent,ascending,AN,AN_AVLP_GNG,AN_AVLP_GNG_22,,left,CV,acetylcholine
720575940623700661,afferent,ascending,AN,AN_GNG,AN_GNG_54,,left,CV,acetylcholine
720575940640934363,afferent,ascending,AN,AN_AVLP_GNG,AN_AVLP_GNG_8,,left,CV,acetylcholine
720575940655014049,afferent,ascending,AN,AN_GNG,AN_GNG_30,,left,CV,acetylcholine
720575940631922489,afferent,ascending,AN,AN_GNG,AN_GNG_162,,left,CV,acetylcholine
720575940633302995,afferent,ascending,AN,AN_GNG,AN_GNG_162,,left,CV,acetylcholine
720575940619114918,afferent,ascending,AN,AN_GNG,AN_GNG_5,,left,CV,gaba
720575940623564435,afferent,ascending,AN,AN_GNG,AN_GNG_131,,left,CV,acetylcholine
720575940622714004,afferent,ascending,AN,AN_GNG,AN_GNG_133,,left,CV,gaba
720575940620492246,afferent,ascending,AN,AN_GNG,AN_GNG_186,,left,CV,acetylcholine
720575940623696362,afferent,ascending,AN,AN_GNG_PRW,AN_GNG_PRW_1,,left,CV,gaba
720575940626035556,afferent,ascending,AN,AN_GNG,AN_GNG_136,,left,CV,acetylcholine
720575940632647725,afferent,ascending,AN,AN_FLA_SMP,AN_FLA_SMP_1,,left,CV,serotonin
720575940610935062,afferent,ascending,AN,,,,left,CV,glutamate
720575940626545410,afferent,ascending,AN,AN_GNG_IPS,AN_GNG_IPS_6,,left,CV,acetylcholine
720575940631769058,afferent,ascending,AN,AN_GNG,AN_GNG_3,,left,CV,acetylcholine
720575940628505039,afferent,ascending,AN,AN_VES_GNG,AN_VES_GNG_4,,left,CV,glutamate
720575940620095356,afferent,ascending,AN,AN_GNG,AN_GNG_179,,left,CV,acetylcholine
720575940643142560,afferent,ascending,AN,AN_AVLP,AN_AVLP_16,,left,CV,acetylcholine
720575940644376355,afferent,ascending,AN,AN_GNG_WED,AN_GNG_WED_2,,left,CV,acetylcholine
720575940639152117,afferent,ascending,AN,,,,left,CV,
720575940623606857,afferent,ascending,AN,AN_IPS_GNG,AN_IPS_GNG_7,,right,CV,gaba
720575940614595643,afferent,ascending,AN,AN_GNG_SAD,AN_GNG_SAD_20,,right,CV,serotonin
720575940603801056,afferent,ascending,AN,AN_GNG_AMMC,AN_GNG_AMMC_3,,right,CV,gaba
720575940638985050,afferent,ascending,AN,AN_GNG,AN_GNG_97,,right,CV,acetylcholine
720575940611772914,afferent,ascending,AN,AN_IPS_LAL,AN_IPS_LAL_1,,right,CV,acetylcholine
720575940626623387,afferent,ascending,AN,,,,right,CV,acetylcholine
720575940626252163,afferent,ascending,AN,AN_GNG_SAD,AN_GNG_SAD_18,,right,CV,gaba
720575940628991051,afferent,ascending,AN,AN_FLA_GNG,AN_FLA_GNG_1,,right,CV,glutamate
720575940626750723,afferent,ascending,AN,AN_FLA_PRW,AN_FLA_PRW_2,,right,CV,acetylcholine
720575940620718472,afferent,ascending,AN,AN_multi,AN_multi_75,,right,CV,glutamate
720575940637374323,afferent,ascending,AN,,,,right,CV,glutamate
720575940638396998,afferent,ascending,AN,AN_FLA_SMP,AN_FLA_SMP_2,,right,CV,serotonin
720575940611061038,afferent,ascending,AN,AN_VES_WED,AN_VES_WED_3,,right,CV,acetylcholine
720575940620928647,afferent,ascending,AN,AN_AVLP_SAD,AN_AVLP_SAD_1,,right,CV,acetylcholine
720575940617291421,afferent,ascending,AN,AN_GNG,AN_GNG_166,,right,CV,acetylcholine
720575940618855883,afferent,ascending,AN,AN_AVLP,AN_AVLP_36,,right,CV,acetylcholine
720575940625140755,afferent,ascending,AN,AN_AVLP,AN_AVLP_51,,right,CV,acetylcholine
720575940651808758,afferent,ascending,AN,AN_AVLP,AN_AVLP_29,,right,CV,acetylcholine
720575940626626949,afferent,ascending,AN,,,,right,CV,serotonin
720575940634814832,afferent,ascending,AN,AN_GNG,AN_GNG_187,,right,CV,acetylcholine
720575940607434564,afferent,ascending,AN,AN_GNG_IPS,AN_GNG_IPS_20,,right,CV,acetylcholine
720575940619206772,afferent,ascending,AN,AN_GNG,AN_GNG_118,,right,CV,acetylcholine
720575940639843035,afferent,ascending,AN,AN_multi,AN_multi_16,,right,CV,acetylcholine
720575940607561540,afferent,ascending,AN,AN_SPS_IPS,AN_SPS_IPS_2,,right,CV,acetylcholine
720575940624728504,afferent,ascending,AN,AN_GNG_SAD,AN_GNG_SAD_32,,right,CV,acetylcholine
720575940630307639,afferent,ascending,AN,AN_GNG,AN_GNG_175,,right,CV,acetylcholine
720575940607606852,afferent,ascending,AN,AN_AVLP,AN_AVLP_43,,right,CV,acetylcholine
720575940633119149,afferent,ascending,AN,AN_GNG,AN_GNG_77,,right,CV,serotonin
720575940609311586,afferent,ascending,AN,AN_GNG,AN_GNG_22,,right,CV,acetylcholine
720575940629745022,afferent,ascending,AN,AN_GNG,AN_GNG_6,,right,CV,acetylcholine
720575940608269102,afferent,ascending,AN,AN_GNG,AN_GNG_92,,right,CV,acetylcholine
720575940642875080,afferent,ascending,AN,AN_multi,AN_multi_39,,right,CV,gaba
720575940615211195,afferent,ascending,AN,AN_SPS_IPS,AN_SPS_IPS_5,,right,CV,acetylcholine
720575940634525792,afferent,ascending,AN,AN_multi,AN_multi_88,,right,CV,acetylcholine
720575940606913202,afferent,ascending,AN,AN_GNG_SAD,AN_GNG_SAD_8,,right,CV,acetylcholine
720575940622947475,afferent,ascending,AN,AN_GNG,AN_GNG_164,,right,CV,serotonin
720575940630173689,afferent,ascending,AN,,ANXXX005,,right,CV,dopamine
720575940624954185,afferent,ascending,AN,AN_GNG,AN_GNG_66,,right,CV,glutamate
720575940631183330,afferent,ascending,AN,AN_multi,AN_multi_109,,right,CV,acetylcholine
720575940627684614,afferent,ascending,AN,AN_GNG,AN_GNG_182,,right,CV,acetylcholine
720575940629321734,afferent,ascending,AN,,,,right,CV,acetylcholine
720575940603789228,afferent,ascending,AN,AN_multi,AN_multi_54,,right,CV,acetylcholine
720575940611223445,afferent,ascending,AN,,,,right,CV,acetylcholine
720575940624448138,afferent,ascending,AN,AN_multi,AN_multi_114,,right,CV,acetylcholine
720575940625346130,afferent,ascending,AN,AN_IPS_SPS,AN_IPS_SPS_1,,right,CV,acetylcholine
720575940625411109,afferent,ascending,AN,AN_GNG,AN_GNG_141,,right,CV,acetylcholine
720575940613958194,afferent,ascending,AN,AN_GNG,AN_GNG_109,,right,CV,gaba
720575940605173792,afferent,ascending,AN,AN_GNG_SAD,AN_GNG_SAD_27,,right,CV,serotonin
720575940614511614,afferent,ascending,AN,AN_GNG,AN_GNG_45,,right,CV,acetylcholine
720575940633969815,afferent,ascending,AN,AN_GNG,AN_GNG_155,,right,CV,gaba
720575940628911620,afferent,ascending,AN,AN_GNG,AN_GNG_187,,right,CV,acetylcholine
720575940610745373,afferent,ascending,AN,AN_GNG_IPS,AN_GNG_IPS_5,,right,CV,glutamate
720575940645246004,afferent,ascending,AN,AN_GNG,AN_GNG_57,,right,CV,gaba
720575940627637521,afferent,ascending,AN,AN_multi,AN_multi_57,,right,CV,acetylcholine
720575940620752408,afferent,ascending,AN,AN_GNG_VES,AN_GNG_VES_7,,right,CV,gaba
720575940615942924,afferent,ascending,AN,AN_multi,AN_multi_15,,right,CV,gaba
720575940644446062,afferent,ascending,AN,AN_SMP_FLA,AN_SMP_FLA_1,,right,CV,acetylcholine
720575940639151960,afferent,ascending,AN,AN_AVLP,AN_AVLP_31,,right,CV,acetylcholine
720575940633565536,afferent,ascending,AN,AN_multi,AN_multi_100,,right,CV,gaba
720575940623371920,afferent,ascending,AN,AN_GNG,AN_GNG_186,,right,CV,acetylcholine
720575940618393398,afferent,ascending,AN,AN_VES_GNG,AN_VES_GNG_4,,right,CV,glutamate
720575940620580272,afferent,ascending,AN,AN_GNG,AN_GNG_15,,right,CV,acetylcholine
720575940632517028,afferent,ascending,AN,AN_GNG_FLA,AN_GNG_FLA_3,,right,CV,acetylcholine
720575940617143124,afferent,ascending,AN,AN_GNG,AN_GNG_92,,right,CV,acetylcholine
720575940610850965,afferent,ascending,AN,AN_SPS_IPS,AN_SPS_IPS_2,,right,CV,acetylcholine
720575940629420135,afferent,ascending,AN,AN_GNG,AN_GNG_194,,right,CV,serotonin
720575940634038041,afferent,ascending,AN,AN_GNG_IPS,AN_GNG_IPS_11,,right,CV,acetylcholine
720575940627803720,afferent,ascending,AN,AN_GNG_SAD,AN_GNG_SAD_33,,right,CV,gaba
720575940608662318,afferent,ascending,AN,AN_AVLP,AN_AVLP_1,,right,CV,acetylcholine
720575940621591477,afferent,ascending,AN,AN_GNG,AN_GNG_60,,right,CV,glutamate
720575940625480394,afferent,ascending,AN,AN_multi,AN_multi_59,,right,CV,acetylcholine
720575940613693469,afferent,ascending,AN,AN_VES_GNG,AN_VES_GNG_1,,right,CV,gaba
720575940621147998,afferent,ascending,AN,AN_SPS_GNG,AN_SPS_GNG_1,,right,CV,acetylcholine
720575940615309106,afferent,ascending,AN,AN_GNG_SAD,AN_GNG_SAD_15,,right,CV,acetylcholine
720575940616427357,afferent,ascending,AN,AN_AVLP,AN_AVLP_25,,right,CV,acetylcholine
720575940631274745,afferent,ascending,AN,AN_multi,AN_multi_43,,right,CV,acetylcholine
720575940638453437,afferent,ascending,AN,AN_multi,AN_multi_37,,right,CV,acetylcholine
720575940623982323,afferent,ascending,AN,AN_multi,AN_multi_95,,right,CV,acetylcholine
720575940613772317,afferent,ascending,AN,AN_GNG_VES,AN_GNG_VES_10,,right,CV,acetylcholine
720575940613772829,afferent,ascending,AN,AN_GNG_VES,AN_GNG_VES_10,,right,CV,acetylcholine
720575940630798378,afferent,ascending,AN,AN_GNG_SAD,AN_GNG_SAD_9,,right,CV,acetylcholine
720575940639205821,afferent,ascending,AN,AN_multi,AN_multi_93,,right,CV,acetylcholine
720575940618238635,afferent,ascending,AN,AN_AVLP_PVLP,AN_AVLP_PVLP_8,,right,CV,acetylcholine
720575940631095289,afferent,ascending,AN,AN_AVLP_GNG,AN_AVLP_GNG_11,,right,CV,acetylcholine
720575940630300434,afferent,ascending,AN,AN_GNG,AN_GNG_96,,right,CV,acetylcholine
720575940618014528,afferent,ascending,AN,AN_VES_GNG,AN_VES_GNG_2,,right,CV,gaba
720575940638155497,afferent,ascending,AN,AN_GNG,AN_GNG_82,,right,CV,glutamate
720575940628083516,afferent,ascending,AN,AN_AVLP,AN_AVLP_24,,right,CV,acetylcholine
720575940618106553,afferent,ascending,AN,AN_GNG_SAD,AN_GNG_SAD_34,,right,CV,acetylcholine
720575940613938973,afferent,ascending,AN,AN_GNG_IPS,AN_GNG_IPS_15,,right,CV,acetylcholine
720575940623008550,afferent,ascending,AN,AN_GNG_IPS,AN_GNG_IPS_14,,right,CV,gaba
720575940620665816,afferent,ascending,AN,AN_GNG_IPS,AN_GNG_IPS_15,,right,CV,gaba
720575940617871394,afferent,ascending,AN,AN_GNG,AN_GNG_178,,right,CV,gaba
720575940615411161,afferent,ascending,AN,AN_multi,AN_multi_124,,right,CV,serotonin
720575940632847661,afferent,ascending,AN,AN_multi,AN_multi_12,,right,CV,glutamate
720575940630521931,afferent,ascending,AN,AN_multi,AN_multi_61,,right,CV,acetylcholine
720575940617625413,afferent,ascending,AN,AN_GNG,AN_GNG_159,,right,CV,acetylcholine
720575940610275192,afferent,ascending,AN,AN_multi,AN_multi_127,,right,CV,acetylcholine
720575940608655883,afferent,ascending,AN,AN_GNG,AN_GNG_146,,right,CV,acetylcholine
720575940623743892,afferent,ascending,AN,AN_multi,AN_multi_48,,right,CV,glutamate
720575940627372165,afferent,ascending,AN,AN_GNG,AN_GNG_175,,right,CV,acetylcholine
720575940612306786,afferent,ascending,AN,AN_multi,AN_multi_27,,right,CV,acetylcholine
720575940621553348,afferent,ascending,AN,AN_multi,AN_multi_67,,right,CV,acetylcholine
720575940622707592,afferent,ascending,AN,AN_GNG,AN_GNG_49,,right,CV,gaba
720575940629312768,afferent,ascending,AN,AN_SPS_IPS,AN_SPS_IPS_4,,right,CV,acetylcholine
720575940625837799,afferent,ascending,AN,AN_GNG_SAD,AN_GNG_SAD_32,,right,CV,acetylcholine
720575940620833901,afferent,ascending,AN,AN_multi,AN_multi_92,,right,CV,acetylcholine
720575940612409059,afferent,ascending,AN,AN_multi,AN_multi_49,,right,CV,acetylcholine
720575940617109004,afferent,ascending,AN,AN_multi,AN_multi_40,,right,CV,gaba
720575940638700707,afferent,ascending,AN,AN_multi,AN_multi_44,,right,CV,acetylcholine
720575940633416604,afferent,ascending,AN,AN_multi,AN_multi_51,,right,CV,acetylcholine
720575940622118566,afferent,ascending,AN,AN_GNG,AN_FLA_VES_2,,right,CV,acetylcholine
720575940635206763,afferent,ascending,AN,AN_GNG,AN_GNG_163,,right,CV,acetylcholine
720575940618192694,afferent,ascending,AN,AN_multi,AN_multi_91,,right,CV,acetylcholine
720575940660211841,afferent,ascending,AN,AN_GNG,AN_GNG_164,,right,CV,acetylcholine
720575940611514282,afferent,ascending,AN,AN_multi,AN_multi_101,,right,CV,acetylcholine
720575940618907376,afferent,ascending,AN,AN_multi,AN_multi_102,,right,CV,acetylcholine
720575940623529354,afferent,ascending,AN,AN_GNG,AN_GNG_59,,right,CV,acetylcholine
720575940627410042,afferent,ascending,AN,AN_AVLP,AN_AVLP_45,,right,CV,acetylcholine
720575940616824197,afferent,ascending,AN,AN_AVLP,AN_AVLP_53,,right,CV,acetylcholine
720575940616824709,afferent,ascending,AN,AN_AVLP,AN_AVLP_53,,right,CV,acetylcholine
720575940616824965,afferent,ascending,AN,AN_AVLP,AN_AVLP_46,,right,CV,acetylcholine
720575940643552366,afferent,ascending,AN,AN_AVLP_GNG,AN_AVLP_GNG_21,,right,CV,acetylcholine
720575940642468644,afferent,ascending,AN,AN_GNG_SAD,AN_GNG_SAD_32,,right,CV,acetylcholine
720575940619655814,afferent,ascending,AN,AN_GNG_SAD,AN_GNG_SAD_32,,right,CV,acetylcholine
720575940611373169,afferent,ascending,AN,AN_GNG,AN_GNG_185,,right,CV,acetylcholine
720575940616831877,afferent,ascending,AN,AN_GNG,AN_GNG_159,,right,CV,acetylcholine
720575940615637334,afferent,ascending,AN,AN_multi,AN_multi_53,,right,CV,acetylcholine
720575940613771666,afferent,ascending,AN,AN_AVLP,AN_AVLP_18,,right,CV,acetylcholine
720575940616832901,afferent,ascending,AN,AN_GNG,AN_GNG_46,,right,CV,glutamate
720575940629044854,afferent,ascending,AN,AN_AVLP,AN_AVLP_50,,right,CV,acetylcholine
720575940616833669,afferent,ascending,AN,AN_VES_GNG,AN_VES_GNG_7,,right,CV,acetylcholine
720575940607403275,afferent,ascending,AN,AN_GNG,AN_GNG_183,,right,CV,acetylcholine
720575940659063169,afferent,ascending,AN,AN_AVLP,AN_AVLP_14,,right,CV,acetylcholine
720575940633430112,afferent,ascending,AN,AN_AVLP,AN_AVLP_43,,right,CV,acetylcholine
720575940616836485,afferent,ascending,AN,AN_GNG,AN_GNG_44,,right,CV,acetylcholine
720575940616838789,afferent,ascending,AN,AN_GNG,AN_GNG_180,,right,CV,glutamate
720575940627744143,afferent,ascending,AN,AN_GNG,AN_GNG_164,,right,CV,acetylcholine
720575940636004975,afferent,ascending,AN,AN_GNG,AN_GNG_81,,right,CV,acetylcholine
720575940616858501,afferent,ascending,AN,AN_GNG,AN_GNG_164,,right,CV,acetylcholine
720575940614519775,afferent,ascending,AN,AN_AVLP,AN_AVLP_15,,right,CV,acetylcholine
720575940637309924,afferent,ascending,AN,AN_GNG,AN_GNG_183,,right,CV,acetylcholine
720575940622399783,afferent,ascending,AN,AN_GNG,AN_GNG_165,,right,CV,acetylcholine
720575940616877456,afferent,ascending,AN,AN_GNG,AN_GNG_172,,right,CV,acetylcholine
720575940641679501,afferent,ascending,AN,AN_GNG,AN_GNG_182,,right,CV,acetylcholine
720575940615430450,afferent,ascending,AN,,,,right,CV,acetylcholine
720575940626727301,afferent,ascending,AN,AN_multi,AN_multi_73,,right,CV,glutamate
720575940617296945,afferent,ascending,AN,AN_GNG,AN_GNG_185,,right,CV,serotonin
720575940617610837,afferent,ascending,AN,AN_AVLP,AN_AVLP_28,,right,CV,acetylcholine
720575940629087682,afferent,ascending,AN,AN_AVLP,AN_AVLP_51,,right,CV,acetylcholine
720575940627631360,afferent,ascending,AN,AN_AVLP,AN_AVLP_45,,right,CV,acetylcholine
720575940610244266,afferent,ascending,AN,AN_AVLP,AN_AVLP_6,,right,CV,acetylcholine
720575940617942036,afferent,ascending,AN,AN_GNG,AN_GNG_185,,right,CV,acetylcholine
720575940639245631,afferent,ascending,AN,AN_GNG,AN_GNG_175,,right,CV,acetylcholine
720575940617997716,afferent,ascending,AN,AN_multi,AN_multi_45,,right,CV,acetylcholine
720575940619057054,afferent,ascending,AN,AN_GNG,AN_GNG_187,,right,CV,acetylcholine
720575940614607675,afferent,ascending,AN,AN_AVLP,AN_AVLP_53,,right,CV,acetylcholine
720575940618202539,afferent,ascending,AN,,,,right,CV,acetylcholine
720575940625063694,afferent,ascending,AN,AN_GNG_SPS,AN_GNG_SPS_1,,right,CV,acetylcholine
720575940619487425,afferent,ascending,AN,AN_SPS_IPS,AN_SPS_IPS_6,,right,CV,acetylcholine
720575940635164779,afferent,ascending,AN,AN_GNG,AN_GNG_158,,right,CV,glutamate
720575940614153937,afferent,ascending,AN,AN_multi,AN_multi_46,,right,CV,acetylcholine
720575940640773491,afferent,ascending,AN,AN_IPS_GNG,AN_IPS_1,,right,CV,acetylcholine
720575940625941762,afferent,ascending,AN,AN_GNG_FLA,AN_GNG_FLA_1,,right,CV,gaba
720575940615706018,afferent,ascending,AN,AN_GNG_FLA,AN_GNG_AVLP_1,,right,CV,acetylcholine
720575940635487845,afferent,ascending,AN,AN_multi,AN_multi_124,,right,CV,glutamate
720575940631530348,afferent,ascending,AN,AN_multi,AN_multi_124,,right,CV,serotonin
720575940629247682,afferent,ascending,AN,AN_multi,AN_multi_81,,right,CV,acetylcholine
720575940603792486,afferent,ascending,AN,AN_GNG,AN_GNG_163,,right,CV,acetylcholine
720575940628686423,afferent,ascending,AN,AN_AVLP,AN_AVLP_48,,right,CV,acetylcholine
720575940613175215,afferent,ascending,AN,AN_GNG,AN_GNG_39,,right,CV,gaba
720575940629748606,afferent,ascending,AN,AN_GNG_SAD,AN_GNG_SAD_35,,right,CV,serotonin
720575940619818876,afferent,ascending,AN,,,,right,CV,acetylcholine
720575940624311369,afferent,ascending,AN,AN_GNG,AN_GNG_148,,right,CV,acetylcholine
720575940627417064,afferent,ascending,AN,AN_multi,AN_multi_85,,right,CV,acetylcholine
720575940612586905,afferent,ascending,AN,AN_multi,AN_multi_98,,right,CV,acetylcholine
720575940623778229,afferent,ascending,AN,AN_GNG,AN_GNG_186,,right,CV,acetylcholine
720575940624352747,afferent,ascending,AN,AN_GNG,AN_GNG_106,,right,CV,gaba
720575940619953065,afferent,ascending,AN,AN_FLA,AN_FLA_1,,right,CV,glutamate
720575940629202114,afferent,ascending,AN,,,,right,CV,glutamate
720575940619753761,afferent,ascending,AN,AN_GNG,AN_GNG_86,,right,CV,acetylcholine
720575940619973134,afferent,ascending,AN,,,,right,CV,gaba
720575940603453542,afferent,ascending,AN,AN_AVLP,AN_AVLP_48,,right,CV,acetylcholine
720575940631004202,afferent,ascending,AN,AN_SMP,AN_SMP_2,SAG,right,CV,serotonin
720575940628400650,afferent,ascending,AN,AN_VES_WED,AN_VES_WED_2,,right,CV,acetylcholine
720575940630729005,afferent,ascending,AN,,,,right,CV,acetylcholine
720575940605256894,afferent,ascending,AN,AN_AVLP,AN_AVLP_53,,right,CV,acetylcholine
720575940638637022,afferent,ascending,AN,AN_GNG,AN_GNG_105,,right,CV,acetylcholine
720575940636263543,afferent,ascending,AN,AN_multi,AN_multi_97,,right,CV,acetylcholine
720575940619762341,afferent,ascending,AN,,,,right,CV,serotonin
720575940620606600,afferent,ascending,AN,,,,right,CV,acetylcholine
720575940620637576,afferent,ascending,AN,AN_AVLP,AN_AVLP_53,,right,CV,acetylcholine
720575940620762904,afferent,ascending,AN,AN_GNG_IPS,AN_GNG_IPS_14,,right,CV,acetylcholine
720575940637568613,afferent,ascending,AN,AN_GNG,AN_GNG_115,,right,CV,acetylcholine
720575940619066625,afferent,ascending,AN,AN_GNG_FLA,AN_GNG_AVLP_1,,right,CV,acetylcholine
720575940614138577,afferent,ascending,AN,AN_multi,AN_multi_8,,right,CV,glutamate
720575940629297664,afferent,ascending,AN,AN_multi,AN_multi_23,,right,CV,acetylcholine
720575940616892062,afferent,ascending,AN,AN_AVLP_GNG,AN_AVLP_GNG_21,,right,CV,acetylcholine
720575940626206809,afferent,ascending,AN,AN_GNG,AN_GNG_149,,right,CV,acetylcholine
720575940628415951,afferent,ascending,AN,AN_GNG,AN_GNG_204,,right,CV,glutamate
720575940626505551,afferent,ascending,AN,AN_GNG,AN_GNG_187,,right,CV,acetylcholine
720575940629864844,afferent,ascending,AN,AN_AVLP,AN_AVLP_28,,right,CV,acetylcholine
720575940637388004,afferent,ascending,AN,AN_multi,AN_multi_4,,right,CV,acetylcholine
720575940620552326,afferent,ascending,AN,,,,right,CV,acetylcholine
720575940620809599,afferent,ascending,AN,AN_IPS_GNG,AN_IPS_GNG_7,,right,CV,acetylcholine
720575940647022644,afferent,ascending,AN,AN_GNG,AN_GNG_164,,right,CV,acetylcholine
720575940614501672,afferent,ascending,AN,AN_SMP,AN_SMP_3,,right,CV,acetylcholine
720575940613522413,afferent,ascending,AN,AN_GNG,AN_GNG_80,,right,CV,gaba
720575940623194333,afferent,ascending,AN,AN_GNG,AN_GNG_87,,right,CV,acetylcholine
720575940621599741,afferent,ascending,AN,AN_multi,AN_multi_84,,right,CV,acetylcholine
720575940630693494,afferent,ascending,AN,AN_GNG_PRW,AN_GNG_LAL_1,,right,CV,acetylcholine
720575940618066555,afferent,ascending,AN,AN_GNG,AN_GNG_144,,right,CV,acetylcholine
720575940625865724,afferent,ascending,AN,AN_IPS_GNG,AN_IPS_GNG_6,,right,CV,acetylcholine
720575940630652876,afferent,ascending,AN,AN_IPS_GNG,AN_IPS_GNG_7,,right,CV,acetylcholine
720575940617208065,afferent,ascending,AN,AN_multi,AN_multi_41,,right,CV,gaba
720575940614004143,afferent,ascending,AN,AN_GNG,AN_GNG_85,,right,CV,acetylcholine
720575940623264904,afferent,ascending,AN,AN_GNG,AN_GNG_156,,right,CV,acetylcholine
720575940607161218,afferent,ascending,AN,AN_GNG_IPS,AN_GNG_IPS_8,,right,CV,glutamate
720575940645187784,afferent,ascending,AN,AN_GNG_SAD,AN_GNG_SAD_16,,right,CV,acetylcholine
720575940623646963,afferent,ascending,AN,AN_AVLP_GNG,AN_AVLP_GNG_1,,right,CV,acetylcholine
720575940619559232,afferent,ascending,AN,AN_GNG_IPS,AN_GNG_IPS_2,,right,CV,acetylcholine
720575940622665544,afferent,ascending,AN,AN_GNG,AN_GNG_42,,right,CV,acetylcholine
720575940622674504,afferent,ascending,AN,AN_GNG,AN_GNG_179,,right,CV,acetylcholine
720575940622675016,afferent,ascending,AN,AN_GNG,AN_GNG_179,,right,CV,acetylcholine
720575940622766925,afferent,ascending,AN,AN_GNG_IPS,AN_GNG_IPS_17,,right,CV,acetylcholine
720575940625739056,afferent,ascending,AN,AN_GNG,AN_GNG_148,,right,CV,acetylcholine
720575940627382405,afferent,ascending,AN,AN_GNG,AN_GNG_182,,right,CV,acetylcholine
720575940623531301,afferent,ascending,AN,AN_multi,AN_multi_107,,right,CV,glutamate
720575940620862746,afferent,ascending,AN,AN_GNG_VES,AN_GNG_VES_4,,right,CV,acetylcholine
720575940627430906,afferent,ascending,AN,AN_GNG,AN_GNG_204,,right,CV,
720575940615799179,afferent,ascending,AN,AN_multi,AN_multi_6,,right,CV,gaba
720575940634333338,afferent,ascending,AN,AN_GNG,AN_GNG_147,,right,CV,acetylcholine
720575940611227029,afferent,ascending,AN,AN_multi,AN_multi_38,,right,CV,gaba
720575940624387992,afferent,ascending,AN,AN_GNG,AN_GNG_16,,right,CV,gaba
720575940623471044,afferent,ascending,AN,AN_GNG,AN_GNG_163,,right,CV,acetylcholine
720575940634332570,afferent,ascending,AN,AN_multi,AN_multi_24,,right,CV,acetylcholine
720575940614138163,afferent,ascending,AN,AN_multi,AN_multi_56,,right,CV,acetylcholine
720575940621380220,afferent,ascending,AN,AN_GNG,AN_GNG_108,,right,CV,acetylcholine
720575940622870349,afferent,ascending,AN,,,,right,CV,acetylcholine
720575940633908472,afferent,ascending,AN,AN_AVLP,AN_AVLP_38,,right,CV,glutamate
720575940631083833,afferent,ascending,AN,AN_SAD_GNG,AN_SAD_GNG_1,,right,CV,gaba
720575940630121078,afferent,ascending,AN,AN_GNG,AN_GNG_79,,right,CV,acetylcholine
720575940624568416,afferent,ascending,AN,AN_multi,AN_multi_13,,right,CV,gaba
720575940629411962,afferent,ascending,AN,AN_GNG_VES,AN_GNG_VES_12,,right,CV,acetylcholine
720575940638858549,afferent,ascending,AN,AN_GNG,AN_GNG_178,,right,CV,gaba
720575940627125842,afferent,ascending,AN,AN_multi,AN_multi_29,,right,CV,acetylcholine
720575940621567564,afferent,ascending,AN,AN_AVLP,AN_AVLP_49,,right,CV,acetylcholine
720575940609082180,afferent,ascending,AN,AN_multi,AN_multi_78,,right,CV,serotonin
720575940624928137,afferent,ascending,AN,,,,right,CV,serotonin
720575940630175276,afferent,ascending,AN,,MsAHN,,right,CV,dopamine
720575940625363808,afferent,ascending,AN,AN_GNG_IPS,AN_GNG_IPS_17,,right,CV,acetylcholine
720575940628971008,afferent,ascending,AN,AN_GNG,AN_GNG_122,,right,CV,acetylcholine
720575940624427865,afferent,ascending,AN,AN_GNG_IPS,AN_GNG_IPS_18,,right,CV,acetylcholine
720575940639654515,afferent,ascending,AN,AN_multi,AN_multi_42,,right,CV,acetylcholine
720575940620589147,afferent,ascending,AN,AN_GNG,AN_GNG_178,,right,CV,gaba
720575940625844474,afferent,ascending,AN,AN_GNG,AN_GNG_187,,right,CV,acetylcholine
720575940625845242,afferent,ascending,AN,AN_GNG,AN_GNG_187,,right,CV,acetylcholine
720575940626008160,afferent,ascending,AN,,,,right,CV,acetylcholine
720575940624974473,afferent,ascending,AN,AN_GNG,AN_GNG_165,,right,CV,acetylcholine
720575940613584652,afferent,ascending,AN,,,,right,CV,acetylcholine
720575940637218672,afferent,ascending,AN,AN_GNG,AN_GNG_89,,right,CV,acetylcholine
720575940620882603,afferent,ascending,AN,AN_IPS_GNG,AN_IPS_GNG_5,,right,CV,gaba
720575940614132177,afferent,ascending,AN,AN_GNG,AN_GNG_173,,right,CV,acetylcholine
720575940627245992,afferent,ascending,AN,AN_GNG,AN_GNG_149,,right,CV,acetylcholine
720575940627738679,afferent,ascending,AN,AN_GNG,AN_GNG_184,,right,CV,acetylcholine
720575940618388614,afferent,ascending,AN,,,,right,CV,acetylcholine
720575940627333826,afferent,ascending,AN,AN_GNG,AN_GNG_113,,right,CV,acetylcholine
720575940638744804,afferent,ascending,AN,AN_multi,AN_multi_80,,right,CV,acetylcholine
720575940628631639,afferent,ascending,AN,AN_GNG,AN_GNG_43,,right,CV,acetylcholine
720575940618518766,afferent,ascending,AN,,,,right,CV,acetylcholine
720575940625729342,afferent,ascending,AN,AN_GNG,AN_GNG_183,,right,CV,acetylcholine
720575940622871117,afferent,ascending,AN,AN_GNG,AN_GNG_175,,right,CV,acetylcholine
720575940611932586,afferent,ascending,AN,AN_multi,AN_multi_17,IB113,right,CV,acetylcholine
720575940626967399,afferent,ascending,AN,,,,right,CV,acetylcholine
720575940628397775,afferent,ascending,AN,AN_multi,AN_multi_76,,right,CV,acetylcholine
720575940634243775,afferent,ascending,AN,AN_multi,AN_multi_90,,right,CV,acetylcholine
720575940638441525,afferent,ascending,AN,AN_GNG,AN_GNG_60,,right,CV,glutamate
720575940619410303,afferent,ascending,AN,AN_GNG,AN_GNG_9,,right,CV,acetylcholine
720575940627083080,afferent,ascending,AN,,,,right,CV,acetylcholine
720575940613194818,afferent,ascending,AN,AN_GNG,AN_GNG_165,,right,CV,acetylcholine
720575940622020613,afferent,ascending,AN,AN_GNG,AN_GNG_61,,right,CV,acetylcholine
720575940619737876,afferent,ascending,AN,AN_GNG,AN_GNG_184,,right,CV,acetylcholine
720575940629306667,afferent,ascending,AN,AN_multi,AN_multi_124,,right,CV,serotonin
720575940616001036,afferent,ascending,AN,AN_VES_GNG,AN_VES_GNG_5,,right,CV,acetylcholine
720575940606603186,afferent,ascending,AN,AN_multi,AN_multi_83,,right,CV,acetylcholine
720575940652563361,afferent,ascending,AN,AN_GNG_VES,AN_GNG_VES_4,,right,CV,acetylcholine
720575940629163820,afferent,ascending,AN,AN_SAD_GNG,AN_SAD_GNG_2,,right,CV,acetylcholine
720575940630670893,afferent,ascending,AN,AN_GNG_IPS,AN_GNG_IPS_7,,right,CV,acetylcholine
720575940626271806,afferent,ascending,AN,AN_AVLP_GNG,AN_AVLP_GNG_14,,right,CV,gaba
720575940621166625,afferent,ascending,AN,AN_multi,AN_multi_50,,right,CV,gaba
720575940631361249,afferent,ascending,AN,AN_GNG,AN_GNG_84,,right,CV,acetylcholine
720575940631365089,afferent,ascending,AN,AN_GNG,AN_GNG_174,,right,CV,acetylcholine
720575940631943008,afferent,ascending,AN,AN_GNG_IPS,AN_GNG_IPS_16,,right,CV,acetylcholine
720575940610158821,afferent,ascending,AN,AN_GNG,AN_GNG_172,,right,CV,acetylcholine
720575940621318420,afferent,ascending,AN,AN_GNG,AN_GNG_163,,right,CV,acetylcholine
720575940631958368,afferent,ascending,AN,AN_GNG_IPS,AN_GNG_IPS_19,,right,CV,acetylcholine
720575940627640817,afferent,ascending,AN,AN_IPS_WED,AN_IPS_WED_2,,right,CV,acetylcholine
720575940615646109,afferent,ascending,AN,AN_GNG,AN_GNG_173,,right,CV,acetylcholine
720575940613586700,afferent,ascending,AN,AN_GNG_IPS,AN_GNG_IPS_18,,right,CV,acetylcholine
720575940631978592,afferent,ascending,AN,AN_AVLP,AN_AVLP_53,,right,CV,acetylcholine
720575940613608089,afferent,ascending,AN,AN_AVLP,AN_AVLP_53,,right,CV,acetylcholine
720575940628116183,afferent,ascending,AN,AN_AVLP,AN_AVLP_53,,right,CV,acetylcholine
720575940615949836,afferent,ascending,AN,AN_multi,AN_multi_52,,right,CV,acetylcholine
720575940612718563,afferent,ascending,AN,AN_multi,AN_multi_28,PS299,right,CV,gaba
720575940627070494,afferent,ascending,AN,AN_GNG_SAD,AN_GNG_SAD_17,,right,CV,acetylcholine
720575940637650830,afferent,ascending,AN,AN_GNG,AN_GNG_91,,right,CV,acetylcholine
720575940631958615,afferent,ascending,AN,AN_GNG,AN_GNG_182,,right,CV,acetylcholine
720575940624791941,afferent,ascending,AN,AN_GNG,AN_GNG_180,,right,CV,glutamate
720575940605076401,afferent,ascending,AN,AN_IPS_LAL,AN_IPS_LAL_1,,right,CV,acetylcholine
720575940619411327,afferent,ascending,AN,AN_GNG,AN_GNG_18,,right,CV,acetylcholine
720575940613981330,afferent,ascending,AN,AN_multi,AN_multi_63,,right,CV,acetylcholine
720575940633475695,afferent,ascending,AN,AN_GNG,AN_GNG_194,,right,CV,serotonin
720575940628064016,afferent,ascending,AN,AN_GNG_IPS,AN_GNG_IPS_13,,right,CV,acetylcholine
720575940632126412,afferent,ascending,AN,AN_GNG,AN_GNG_19,,right,CV,gaba
720575940624810270,afferent,ascending,AN,,,,right,CV,acetylcholine
720575940633507637,afferent,ascending,AN,AN_GNG_VES,AN_GNG_VES_6,,right,CV,gaba
720575940615934069,afferent,ascending,AN,,,,right,CV,acetylcholine
720575940633569903,afferent,ascending,AN,AN_GNG_IPS,AN_GNG_IPS_9,,right,CV,glutamate
720575940633284276,afferent,ascending,AN,AN_GNG,AN_GNG_175,,right,CV,glutamate
720575940618398878,afferent,ascending,AN,AN_AVLP,AN_AVLP_27,,right,CV,acetylcholine
720575940620294420,afferent,ascending,AN,AN_GNG_VES,AN_GNG_VES_7,,right,CV,gaba
720575940635044344,afferent,ascending,AN,AN_GNG,AN_GNG_148,,right,CV,acetylcholine
720575940602703072,afferent,ascending,AN,AN_FLA_GNG,AN_FLA_GNG_2,,right,CV,serotonin
720575940634629353,afferent,ascending,AN,AN_GNG,AN_GNG_102,,right,CV,glutamate
720575940631505711,afferent,ascending,AN,AN_GNG_WED,AN_GNG_WED_3,,right,CV,acetylcholine
720575940610160357,afferent,ascending,AN,AN_GNG,AN_GNG_184,,right,CV,acetylcholine
720575940628435151,afferent,ascending,AN,AN_GNG_IPS,AN_GNG_IPS_10,,right,CV,acetylcholine
720575940631283727,afferent,ascending,AN,AN_GNG,AN_GNG_145,,right,CV,acetylcholine
720575940627175445,afferent,ascending,AN,AN_IPS_GNG,AN_IPS_GNG_3,,right,CV,acetylcholine
720575940616194443,afferent,ascending,AN,AN_IPS_GNG,AN_IPS_GNG_7,,right,CV,acetylcholine
720575940622416628,afferent,ascending,AN,AN_multi,AN_multi_58,,right,CV,acetylcholine
720575940622779076,afferent,ascending,AN,AN_multi,AN_multi_1,,right,CV,glutamate
720575940631844300,afferent,ascending,AN,AN_IPS_WED,AN_IPS_WED_1,,right,CV,acetylcholine
720575940613603737,afferent,ascending,AN,AN_multi,AN_multi_103,,right,CV,gaba
720575940624810782,afferent,ascending,AN,AN_GNG_SAD,AN_GNG_SAD_5,,right,CV,serotonin
720575940635715647,afferent,ascending,AN,AN_GNG,AN_GNG_43,,right,CV,acetylcholine
720575940628382875,afferent,ascending,AN,AN_multi,AN_multi_99,,right,CV,acetylcholine
720575940615990614,afferent,ascending,AN,AN_GNG_IPS,AN_GNG_IPS_12,,right,CV,glutamate
720575940615460255,afferent,ascending,AN,AN_multi,AN_LH_AVLP_1,,right,CV,acetylcholine
720575940631344971,afferent,ascending,AN,AN_GNG_SAD,AN_GNG_SAD_34,,right,CV,acetylcholine
720575940635462757,afferent,ascending,AN,AN_VES_GNG,AN_VES_GNG_3,,right,CV,acetylcholine
720575940612468130,afferent,ascending,AN,,,,right,CV,acetylcholine
720575940603479910,afferent,ascending,AN,,,,right,CV,acetylcholine
720575940611290354,afferent,ascending,AN,AN_FLA_PRW,AN_FLA_PRW_2,,right,CV,acetylcholine
720575940638737341,afferent,ascending,AN,AN_multi,AN_multi_74,,right,CV,acetylcholine
720575940621787371,afferent,ascending,AN,AN_multi,AN_multi_104,,right,CV,acetylcholine
720575940638604021,afferent,ascending,AN,AN_FLA_GNG,AN_FLA_GNG_1,,right,CV,glutamate
720575940608683477,afferent,ascending,AN,AN_multi,AN_multi_82,"hb611262552,hb704367157",right,CV,acetylcholine
720575940610640482,afferent,ascending,AN,AN_multi,AN_multi_11,,right,CV,glutamate
720575940638722549,afferent,ascending,AN,AN_GNG,AN_GNG_166,,right,CV,acetylcholine
720575940623396240,afferent,ascending,AN,AN_GNG_VES,AN_GNG_VES_9,,right,CV,acetylcholine
720575940640962158,afferent,ascending,AN,AN_LAL,AN_LAL_1,,right,CV,serotonin
720575940623497653,afferent,ascending,AN,AN_VES_GNG,AN_VES_GNG_6,,right,CV,glutamate
720575940608887235,afferent,ascending,AN,AN_multi,AN_multi_98,,right,CV,acetylcholine
720575940641728712,afferent,ascending,AN,AN_GNG,AN_GNG_103,,right,CV,glutamate
720575940635611060,afferent,ascending,AN,AN_multi,AN_multi_89,,right,CV,serotonin
720575940629524483,afferent,ascending,AN,AN_GNG_SAD,AN_GNG_SAD_4,,right,CV,acetylcholine
720575940642245742,afferent,ascending,AN,AN_GNG,AN_GNG_202,,right,CV,acetylcholine
720575940629589711,afferent,ascending,AN,AN_AVLP,AN_AVLP_12,,right,CV,acetylcholine
720575940624868485,afferent,ascending,AN,AN_GNG,AN_GNG_194,,right,CV,serotonin
720575940618230443,afferent,ascending,AN,AN_GNG,AN_GNG_181,,right,CV,gaba
720575940617693264,afferent,ascending,AN,AN_GNG,AN_GNG_187,,right,CV,acetylcholine
720575940646307574,afferent,ascending,AN,AN_GNG,AN_GNG_170,,right,CV,acetylcholine
720575940628876111,afferent,ascending,AN,AN_IPS_LAL,AN_IPS_LAL_1,,right,CV,acetylcholine
720575940651145857,afferent,ascending,AN,AN_IPS_GNG,AN_IPS_GNG_7,,right,CV,gaba
720575940612580067,afferent,ascending,AN,AN_AVLP_GNG,AN_AVLP_GNG_19,,right,CV,acetylcholine
720575940654759553,afferent,ascending,AN,AN_SPS_IPS,AN_SPS_IPS_1,,right,CV,acetylcholine
720575940645995543,afferent,ascending,AN,AN_multi,AN_multi_36,,right,CV,acetylcholine
720575940628680177,afferent,ascending,AN,AN_multi,AN_multi_124,,right,CV,serotonin
720575940631417057,afferent,ascending,AN,AN_GNG,AN_GNG_161,,right,CV,acetylcholine
720575940614444959,afferent,ascending,AN,,,,right,CV,acetylcholine
720575940628074199,afferent,ascending,AN,AN_AVLP_SAD,AN_AVLP_SAD_5,,right,CV,acetylcholine
720575940624108060,afferent,ascending,AN,AN_GNG_IPS,AN_GNG_IPS_19,,right,CV,acetylcholine
720575940606303755,afferent,ascending,AN,AN_GNG_IPS,AN_GNG_IPS_19,,right,CV,acetylcholine
720575940628884267,afferent,ascending,AN,AN_GNG,AN_GNG_175,,right,CV,acetylcholine
720575940627931196,afferent,ascending,AN,AN_GNG_IPS,AN_GNG_IPS_19,,right,CV,acetylcholine
720575940621975773,afferent,ascending,AN,AN_GNG_VES,AN_GNG_VES_7,,right,CV,gaba
720575940627044901,afferent,ascending,AN,AN_GNG,AN_GNG_99,,right,CV,glutamate
720575940622323382,afferent,ascending,AN,AN_multi,AN_multi_70,,right,CV,acetylcholine
720575940633677167,afferent,ascending,AN,AN_AVLP,AN_AVLP_21,,right,CV,acetylcholine
720575940636400966,afferent,ascending,AN,AN_GNG,AN_GNG_176,,right,CV,acetylcholine
720575940633782135,afferent,ascending,AN,AN_GNG,AN_GNG_142,,right,CV,acetylcholine
720575940621846525,afferent,ascending,AN,AN_AVLP_GNG,AN_AVLP_GNG_23,,right,CV,gaba
720575940626569554,afferent,ascending,AN,AN_AVLP_PVLP,AN_AVLP_PVLP_6,,right,CV,acetylcholine
720575940620298260,afferent,ascending,AN,AN_GNG,AN_GNG_167,,right,CV,glutamate
720575940624109340,afferent,ascending,AN,AN_GNG,AN_GNG_167,,right,CV,glutamate
720575940611775717,afferent,ascending,AN,AN_GNG_SAD,AN_GNG_SAD_12,,right,CV,acetylcholine
720575940617932289,afferent,ascending,AN,AN_AVLP_GNG,AN_AVLP_GNG_16,,right,CV,gaba
720575940621399156,afferent,ascending,AN,AN_GNG,AN_GNG_119,,right,CV,gaba
720575940638197737,afferent,ascending,AN,AN_AVLP_GNG,AN_AVLP_GNG_23,,right,CV,gaba
720575940606718642,afferent,ascending,AN,AN_GNG,AN_GNG_62,,right,CV,glutamate
720575940622447309,afferent,ascending,AN,AN_GNG,AN_GNG_65,,right,CV,gaba
720575940619037616,afferent,ascending,AN,,AN01A021,,right,CV,serotonin
720575940613749702,afferent,ascending,AN,AN_GNG_VES,AN_GNG_VES_3,,right,CV,gaba
720575940652617121,afferent,ascending,AN,AN_GNG,AN_GNG_125,,right,CV,gaba
720575940620055454,afferent,ascending,AN,AN_GNG,AN_GNG_83,,right,CV,acetylcholine
720575940609108174,afferent,ascending,AN,AN_GNG,AN_GNG_176,,right,CV,acetylcholine
720575940623637482,afferent,ascending,AN,AN_GNG_IPS,AN_GNG_IPS_15,,right,CV,acetylcholine
720575940611872149,afferent,ascending,AN,AN_multi,AN_multi_86,,right,CV,acetylcholine
720575940613632997,afferent,ascending,AN,AN_multi,AN_multi_60,,right,CV,acetylcholine
720575940624872581,afferent,ascending,AN,AN_GNG,AN_GNG_187,,right,CV,acetylcholine
720575940636556718,afferent,ascending,AN,AN_GNG_FLA,AN_GNG_FLA_4,,right,CV,dopamine
720575940612786995,afferent,ascending,AN,AN_IPS_GNG,AN_IPS_GNG_1,,right,CV,gaba
720575940612522646,afferent,ascending,AN,AN_AVLP,AN_AVLP_43,,right,CV,acetylcholine
720575940612220071,afferent,ascending,AN,AN_GNG_SAD,AN_GNG_SAD_31,,right,CV,serotonin
720575940629015040,afferent,ascending,AN,AN_multi,AN_multi_65,,right,CV,acetylcholine
720575940632674003,afferent,ascending,AN,AN_AVLP,AN_AVLP_22,,right,CV,gaba
720575940620252630,afferent,ascending,AN,AN_IPS_GNG,AN_IPS_GNG_6,,right,CV,acetylcholine
720575940632648868,afferent,ascending,AN,AN_GNG,AN_GNG_30,,right,CV,acetylcholine
720575940628614487,afferent,ascending,AN,,AN19A018,,right,CV,acetylcholine
720575940635659748,afferent,ascending,AN,AN_GNG_SAD,AN_GNG_SAD_24,,right,CV,acetylcholine
720575940657604225,afferent,ascending,AN,AN_GNG,AN_GNG_157,,right,CV,gaba
720575940622941005,afferent,ascending,AN,AN_GNG,AN_GNG_129,,right,CV,gaba
720575940642798359,afferent,ascending,AN,AN_GNG_SAD,AN_GNG_SAD_22,,right,CV,serotonin
720575940615254782,afferent,ascending,AN,AN_multi,AN_multi_21,,right,CV,acetylcholine
720575940618447238,afferent,ascending,AN,,,,right,CV,serotonin
720575940619932363,afferent,ascending,AN,AN_GNG,AN_GNG_35,,right,CV,gaba
720575940611905433,afferent,ascending,AN,AN_VES_GNG,AN_VES_GNG_8,,right,CV,acetylcholine
720575940615624961,afferent,ascending,AN,AN_multi,AN_multi_112,,right,CV,acetylcholine
720575940614668347,afferent,ascending,AN,AN_multi,AN_multi_20,,right,CV,acetylcholine
720575940628319335,afferent,ascending,AN,AN_WED_GNG,AN_WED_GNG_1,,right,CV,acetylcholine
720575940622166664,afferent,ascending,AN,AN_multi,AN_multi_115,,right,CV,acetylcholine
720575940631594015,afferent,ascending,AN,AN_VES_GNG,AN_VES_GNG_8,,right,CV,acetylcholine
720575940638842933,afferent,ascending,AN,AN_GNG,AN_GNG_151,,right,CV,octopamine
720575940627758135,afferent,ascending,AN,AN_GNG,AN_GNG_72,,right,CV,glutamate
720575940621902085,afferent,ascending,AN,AN_GNG,AN_GNG_68,,right,CV,gaba
720575940625481749,afferent,ascending,AN,AN_WED_GNG,AN_WED_GNG_2,,right,CV,acetylcholine
720575940628641879,afferent,ascending,AN,AN_GNG,AN_GNG_129,,right,CV,gaba
720575940639971536,afferent,ascending,AN,AN_GNG,AN_GNG_200,,right,CV,gaba
720575940616113291,afferent,ascending,AN,AN_AVLP,AN_AVLP_4,,right,CV,acetylcholine
720575940629971852,afferent,ascending,AN,AN_GNG,AN_GNG_188,,right,CV,gaba
720575940613148625,afferent,ascending,AN,AN_GNG,AN_GNG_128,,right,CV,gaba
720575940629412156,afferent,ascending,AN,AN_AVLP,AN_AVLP_46,,right,CV,acetylcholine
720575940627003495,afferent,ascending,AN,AN_AVLP,AN_AVLP_28,,right,CV,acetylcholine
720575940629856505,afferent,ascending,AN,AN_AVLP,AN_AVLP_53,,right,CV,acetylcholine
720575940628407963,afferent,ascending,AN,AN_GNG,AN_GNG_166,,right,CV,acetylcholine
720575940627026279,afferent,ascending,AN,AN_GNG,AN_GNG_166,,right,CV,acetylcholine
720575940629598521,afferent,ascending,AN,AN_AVLP,AN_AVLP_53,,right,CV,acetylcholine
720575940631821891,afferent,ascending,AN,AN_GNG,AN_GNG_175,,right,CV,acetylcholine
720575940615537041,afferent,ascending,AN,AN_AVLP_GNG,AN_AVLP_GNG_4,,right,CV,acetylcholine
720575940628321531,afferent,ascending,AN,AN_AVLP,AN_AVLP_40,,right,CV,acetylcholine
720575940606586325,afferent,ascending,AN,,,,right,CV,acetylcholine
720575940637957446,afferent,ascending,AN,AN_multi,AN_multi_77,,right,CV,serotonin
720575940625584783,afferent,ascending,AN,AN_GNG,AN_GNG_135,,right,CV,gaba
720575940634360462,afferent,ascending,AN,AN_GNG,AN_GNG_197,,right,CV,glutamate
720575940624208201,afferent,ascending,AN,AN_GNG,AN_GNG_138,,right,CV,gaba
720575940627538370,afferent,ascending,AN,AN_AVLP_GNG,AN_AVLP_GNG_12,,right,CV,glutamate
720575940622976845,afferent,ascending,AN,AN_AVLP_GNG,AN_AVLP_GNG_23,,right,CV,gaba
720575940633038443,afferent,ascending,AN,AN_GNG,AN_GNG_197,,right,CV,gaba
720575940608276181,afferent,ascending,AN,AN_GNG,AN_GNG_197,,right,CV,glutamate
720575940646687364,afferent,ascending,AN,AN_GNG,AN_GNG_121,,right,CV,gaba
720575940629670723,afferent,ascending,AN,AN_GNG,AN_GNG_197,,right,CV,gaba
720575940615138397,afferent,ascending,AN,AN_GNG,AN_GNG_48,,right,CV,glutamate
720575940607380914,afferent,ascending,AN,AN_GNG,AN_GNG_69,,right,CV,gaba
720575940632237408,afferent,ascending,AN,,,,right,CV,serotonin
720575940624901107,afferent,ascending,AN,AN_AVLP_GNG,AN_AVLP_GNG_5,,right,CV,acetylcholine
720575940625638916,afferent,ascending,AN,AN_AVLP_GNG,AN_AVLP_GNG_2,,right,CV,gaba
720575940619154203,afferent,ascending,AN,AN_AVLP,AN_AVLP_42,,right,CV,acetylcholine
720575940605154988,afferent,ascending,AN,AN_GNG,AN_GNG_40,,right,CV,acetylcholine
720575940607888585,afferent,ascending,AN,AN_AVLP,AN_AVLP_34,,right,CV,acetylcholine
720575940633251320,afferent,ascending,AN,AN_GNG,AN_GNG_41,,right,CV,gaba
720575940612685162,afferent,ascending,AN,AN_AVLP,AN_AVLP_34,,right,CV,acetylcholine
720575940612050033,afferent,ascending,AN,AN_GNG,AN_GNG_37,,right,CV,acetylcholine
720575940624403843,afferent,ascending,AN,AN_GNG,AN_GNG_28,,right,CV,acetylcholine
720575940617438016,afferent,ascending,AN,AN_GNG_IPS,AN_GNG_IPS_6,,right,CV,acetylcholine
720575940627663100,afferent,ascending,AN,AN_GNG,AN_GNG_27,,right,CV,acetylcholine
720575940615814171,afferent,ascending,AN,AN_GNG,AN_GNG_131,,right,CV,acetylcholine
720575940625985098,afferent,ascending,AN,AN_GNG,AN_GNG_169,,right,CV,acetylcholine
720575940622912500,afferent,ascending,AN,AN_GNG,AN_GNG_143,,right,CV,acetylcholine
720575940634361998,afferent,ascending,AN,AN_GNG,AN_GNG_142,,right,CV,acetylcholine
720575940638558953,afferent,ascending,AN,AN_multi,AN_multi_9,,right,CV,acetylcholine
720575940615222634,afferent,ascending,AN,AN_PRW_FLA,AN_PRW_FLA_1,,right,CV,serotonin
720575940627244200,afferent,ascending,AN,AN_FLA_PRW,AN_FLA_PRW_1,,right,CV,glutamate
720575940618092289,afferent,ascending,AN,AN_GNG,AN_GNG_11,,right,CV,acetylcholine
720575940628539735,afferent,ascending,AN,AN_GNG,AN_GNG_171,,right,CV,acetylcholine
720575940612102769,afferent,ascending,AN,AN_multi,AN_multi_108,,right,CV,acetylcholine
720575940615520159,afferent,ascending,AN,AN_GNG,AN_GNG_14,,right,CV,acetylcholine
720575940611831603,afferent,ascending,AN,AN_GNG,AN_GNG_8,,right,CV,acetylcholine
720575940632930711,afferent,ascending,AN,AN_AVLP,AN_AVLP_3,,right,CV,acetylcholine
720575940621708981,afferent,ascending,AN,AN_GNG,AN_GNG_203,,right,CV,acetylcholine
720575940626494722,afferent,ascending,AN,AN_GNG,AN_GNG_203,,right,CV,acetylcholine
720575940622019333,afferent,ascending,AN,AN_GNG,AN_GNG_193,,right,CV,glutamate
720575940632680895,afferent,ascending,AN,AN_GNG_SAD,AN_GNG_SAD_6,,right,CV,gaba
720575940629794700,afferent,ascending,AN,AN_GNG,AN_GNG_90,,right,CV,acetylcholine
720575940635677668,afferent,ascending,AN,AN_AVLP,AN_AVLP_53,,right,CV,acetylcholine
720575940621709237,afferent,ascending,AN,,,,right,CV,acetylcholine
720575940606300508,afferent,ascending,AN,AN_GNG,AN_GNG_165,,right,CV,acetylcholine
720575940618880865,afferent,ascending,AN,AN_GNG,AN_GNG_165,,right,CV,acetylcholine
720575940628635751,afferent,ascending,AN,AN_AVLP_GNG,AN_AVLP_GNG_18,,right,CV,acetylcholine
720575940635197291,afferent,ascending,AN,AN_GNG,AN_GNG_70,,right,CV,serotonin
720575940626760600,afferent,ascending,AN,AN_multi,AN_multi_117,,right,CV,acetylcholine
720575940613640429,afferent,ascending,AN,AN_multi,AN_multi_72,,right,CV,glutamate
720575940623224811,afferent,ascending,AN,AN_GNG,AN_GNG_12,,right,CV,gaba
720575940626625179,afferent,ascending,AN,AN_GNG,AN_GNG_22,,right,CV,acetylcholine
720575940617621734,afferent,ascending,AN,AN_GNG_SAD,AN_GNG_SAD_26,,right,CV,octopamine
720575940632116943,afferent,ascending,AN,AN_multi,AN_multi_31,,right,CV,glutamate
720575940622018565,afferent,ascending,AN,AN_GNG,AN_GNG_136,,right,CV,acetylcholine
720575940632974443,afferent,ascending,AN,AN_GNG,AN_GNG_195,,right,CV,serotonin
720575940621327913,afferent,ascending,AN,AN_AVLP_GNG,AN_AVLP_GNG_10,,right,CV,gaba
720575940635860058,afferent,ascending,AN,AN_GNG_SAD,AN_GNG_SAD_10,,right,CV,acetylcholine
720575940618018497,afferent,ascending,AN,,,,right,CV,serotonin
720575940613694634,afferent,ascending,AN,AN_GNG,AN_GNG_185,,right,CV,acetylcholine
720575940621321706,afferent,ascending,AN,,,,right,CV,acetylcholine
720575940618572270,afferent,ascending,AN,AN_GNG,AN_GNG_139,,right,CV,acetylcholine
720575940627544451,afferent,ascending,AN,AN_GNG,AN_GNG_187,,right,CV,acetylcholine
720575940615915805,afferent,ascending,AN,AN_GNG_WED,AN_GNG_WED_2,,right,CV,acetylcholine
720575940630440645,afferent,ascending,AN,AN_multi,AN_multi_22,,right,CV,acetylcholine
720575940643108718,afferent,ascending,AN,AN_GNG,AN_GNG_191,,right,CV,acetylcholine
720575940621022856,afferent,ascending,AN,AN_GNG,AN_GNG_175,,right,CV,serotonin
720575940621308933,afferent,ascending,AN,AN_GNG,AN_GNG_197,,right,CV,gaba
720575940622444780,afferent,ascending,AN,AN_GNG_IPS,AN_GNG_IPS_18,,right,CV,acetylcholine
720575940628832516,afferent,ascending,AN,AN_GNG,AN_GNG_177,,right,CV,acetylcholine
720575940603545190,afferent,ascending,AN,AN_GNG,AN_GNG_47,,right,CV,acetylcholine
720575940611164634,afferent,ascending,AN,AN_GNG_VES,AN_GNG_VES_4,,right,CV,acetylcholine
720575940612268199,afferent,ascending,AN,AN_GNG,AN_GNG_34,,right,CV,gaba
720575940619822942,afferent,ascending,AN,AN_GNG,AN_GNG_25,,right,CV,acetylcholine
720575940612578962,afferent,ascending,AN,AN_GNG,AN_GNG_36,,right,CV,acetylcholine
720575940628754453,afferent,ascending,AN,AN_GNG,AN_GNG_24,,right,CV,acetylcholine
720575940633264888,afferent,ascending,AN,AN_GNG_SAD,AN_GNG_SAD_23,,right,CV,acetylcholine
720575940635139439,afferent,ascending,AN,AN_GNG_IPS,AN_GNG_IPS_3,,right,CV,acetylcholine
720575940629946951,afferent,ascending,AN,AN_GNG,AN_GNG_38,,right,CV,gaba
720575940634858096,afferent,ascending,AN,AN_AVLP,AN_AVLP_53,,right,CV,acetylcholine
720575940623295415,afferent,ascending,AN,AN_multi,AN_multi_19,,right,CV,gaba
720575940624392171,afferent,ascending,AN,AN_AVLP,AN_AVLP_32,,right,CV,acetylcholine
720575940645109124,afferent,ascending,AN,AN_AVLP,AN_AVLP_42,,right,CV,acetylcholine
720575940631269843,afferent,ascending,AN,AN_GNG_VES,AN_GNG_VES_8,,right,CV,acetylcholine
720575940626669355,afferent,ascending,AN,AN_GNG_VES,AN_GNG_VES_5,,right,CV,acetylcholine
720575940617286517,afferent,ascending,AN,AN_multi,AN_multi_33,,right,CV,gaba
720575940636656888,afferent,ascending,AN,AN_GNG_VES,AN_GNG_VES_11,,right,CV,gaba
720575940625003653,afferent,ascending,AN,AN_GNG_SAD,AN_GNG_SAD_33,,right,CV,gaba
720575940628233731,afferent,ascending,AN,AN_GNG,AN_GNG_201,,right,CV,acetylcholine
720575940633724271,afferent,ascending,AN,AN_GNG,AN_GNG_184,,right,CV,acetylcholine
720575940608603512,afferent,ascending,AN,AN_GNG,AN_GNG_165,,right,CV,acetylcholine
720575940621712821,afferent,ascending,AN,AN_GNG,AN_GNG_165,,right,CV,acetylcholine
720575940619119600,afferent,ascending,AN,AN_GNG,AN_GNG_165,,right,CV,acetylcholine
720575940624989833,afferent,ascending,AN,AN_GNG,AN_GNG_166,,right,CV,acetylcholine
720575940621044048,afferent,ascending,AN,AN_SLP_AVLP,AN_SLP_AVLP_1,,right,CV,acetylcholine
720575940630145311,afferent,ascending,AN,AN_GNG,AN_GNG_78,,right,CV,acetylcholine
720575940628746690,afferent,ascending,AN,AN_GNG,AN_GNG_4,,right,CV,acetylcholine
720575940608646665,afferent,ascending,AN,AN_multi,AN_multi_7,,right,CV,acetylcholine
720575940620705240,afferent,ascending,AN,AN_multi,AN_multi_128,,right,CV,acetylcholine
720575940626768442,afferent,ascending,AN,AN_multi,AN_multi_105,hb706176085,right,CV,acetylcholine
720575940630391639,afferent,ascending,AN,AN_multi,AN_multi_128,,right,CV,acetylcholine
720575940614642491,afferent,ascending,AN,AN_GNG,AN_GNG_7,,right,CV,acetylcholine
720575940625086666,afferent,ascending,AN,AN_GNG_IPS,AN_GNG_IPS_13,,right,CV,acetylcholine
720575940628586071,afferent,ascending,AN,AN_GNG,AN_GNG_17,,right,CV,serotonin
720575940637714560,afferent,ascending,AN,AN_GNG,AN_GNG_142,,right,CV,acetylcholine
720575940621833933,afferent,ascending,AN,AN_GNG_IPS,AN_GNG_IPS_18,,right,CV,acetylcholine
720575940615174493,afferent,ascending,AN,AN_AVLP,AN_AVLP_28,,right,CV,acetylcholine
720575940622443007,afferent,ascending,AN,AN_multi,AN_multi_94,,right,CV,gaba
720575940622137443,afferent,ascending,AN,,,,right,CV,gaba
720575940614773307,afferent,ascending,AN,AN_GNG,AN_GNG_175,,right,CV,serotonin
720575940633362719,afferent,ascending,AN,AN_GNG_IPS,AN_GNG_IPS_20,,right,CV,acetylcholine
720575940603767473,afferent,ascending,AN,AN_AVLP_GNG,AN_AVLP_GNG_23,,right,CV,gaba
720575940624012981,afferent,ascending,AN,AN_multi,AN_multi_120,,right,CV,acetylcholine
720575940614513662,afferent,ascending,AN,AN_GNG_FLA,AN_GNG_FLA_5,,right,CV,glutamate
720575940626622339,afferent,ascending,AN,AN_GNG_PRW,AN_GNG_PRW_4,,right,CV,gaba
720575940618057921,afferent,ascending,AN,AN_GNG,AN_GNG_193,,right,CV,glutamate
720575940602337504,afferent,ascending,AN,AN_AVLP,AN_AVLP_41,,right,CV,acetylcholine
720575940636008559,afferent,ascending,AN,AN_GNG,AN_GNG_33,,right,CV,acetylcholine
720575940625164302,afferent,ascending,AN,AN_GNG,AN_GNG_152,,right,CV,serotonin
720575940634224540,afferent,ascending,AN,,,,right,CV,gaba
720575940640167552,afferent,ascending,AN,AN_GNG,AN_GNG_197,,right,CV,glutamate
720575940606617557,afferent,ascending,AN,AN_AVLP_GNG,AN_AVLP_GNG_15,,right,CV,gaba
720575940623165965,afferent,ascending,AN,AN_AVLP_GNG,AN_AVLP_GNG_22,,right,CV,acetylcholine
720575940622262493,afferent,ascending,AN,AN_multi,AN_multi_30,,right,CV,gaba
720575940620107585,afferent,ascending,AN,AN_AVLP_PVLP,AN_AVLP_PVLP_3,,right,CV,gaba
720575940621062655,afferent,ascending,AN,AN_GNG,AN_GNG_201,,right,CV,acetylcholine
720575940644275223,afferent,ascending,AN,AN_AVLP_PVLP,AN_AVLP_PVLP_4,,right,CV,acetylcholine
720575940630690678,afferent,ascending,AN,AN_GNG,AN_GNG_5,,right,CV,gaba
720575940633075885,afferent,ascending,AN,AN_GNG_SAD,AN_GNG_SAD_19,,right,CV,acetylcholine
720575940636981070,afferent,ascending,AN,AN_GNG,AN_GNG_69,,right,CV,gaba
720575940609656689,afferent,ascending,AN,AN_GNG,AN_GNG_171,,right,CV,acetylcholine
720575940635473886,afferent,ascending,AN,AN_AVLP_GNG,AN_AVLP_GNG_23,,right,CV,gaba
720575940622159117,afferent,ascending,AN,AN_GNG,AN_GNG_192,,right,CV,gaba
720575940620731608,afferent,ascending,AN,AN_multi,AN_multi_26,,right,CV,acetylcholine
720575940632879149,afferent,ascending,AN,AN_GNG_SAD,AN_GNG_SAD_13,,right,CV,acetylcholine
720575940614780219,afferent,ascending,AN,AN_GNG,AN_GNG_175,,right,CV,acetylcholine
720575940611765032,afferent,ascending,AN,AN_GNG_SAD,AN_GNG_SAD_25,,right,CV,acetylcholine
720575940638681919,afferent,ascending,AN,AN_multi,AN_multi_121,,right,CV,acetylcholine
720575940611817779,afferent,ascending,AN,AN_GNG,AN_GNG_67,,right,CV,gaba
720575940625070650,afferent,ascending,AN,AN_GNG,AN_GNG_197,,right,CV,gaba
720575940632512703,afferent,ascending,AN,AN_GNG,AN_GNG_165,,right,CV,acetylcholine
720575940616541585,afferent,ascending,AN,AN_multi,AN_multi_119,,right,CV,acetylcholine
720575940614836027,afferent,ascending,AN,AN_AVLP,AN_AVLP_2,,right,CV,acetylcholine
720575940619358885,afferent,ascending,AN,AN_AVLP,AN_AVLP_30,,right,CV,gaba
720575940633281272,afferent,ascending,AN,AN_GNG,AN_GNG_165,,right,CV,acetylcholine
720575940624431288,afferent,ascending,AN,AN_AVLP_GNG,AN_AVLP_GNG_8,,right,CV,acetylcholine
720575940620472956,afferent,ascending,AN,AN_GNG,AN_GNG_116,,right,CV,acetylcholine
720575940615137804,afferent,ascending,AN,AN_GNG_SAD,AN_GNG_SAD_30,,right,CV,acetylcholine
720575940629337600,afferent,ascending,AN,AN_GNG,AN_GNG_94,,right,CV,acetylcholine
720575940646367267,afferent,ascending,AN,AN_GNG,AN_GNG_69,,right,CV,gaba
720575940613190978,afferent,ascending,AN,AN_GNG,AN_GNG_75,,right,CV,glutamate
720575940624789652,afferent,ascending,AN,AN_GNG,AN_GNG_74,,right,CV,gaba
720575940634388622,afferent,ascending,AN,AN_GNG,AN_GNG_165,,right,CV,acetylcholine
720575940613553202,afferent,ascending,AN,AN_GNG,AN_GNG_69,,right,CV,gaba
720575940622239553,afferent,ascending,AN,AN_AVLP,AN_AVLP_51,,right,CV,acetylcholine
720575940631815844,afferent,ascending,AN,,,,right,CV,gaba
720575940631000773,afferent,ascending,AN,AN_multi,AN_multi_66,,right,CV,acetylcholine
720575940623207885,afferent,ascending,AN,AN_GNG_PRW,AN_GNG_PRW_3,,right,CV,acetylcholine
720575940617440029,afferent,ascending,AN,AN_AVLP,AN_AMMC_SAD_1,,right,CV,serotonin
720575940625821672,afferent,ascending,AN,AN_GNG,AN_GNG_198,,right,CV,gaba
720575940620950042,afferent,ascending,AN,AN_AVLP,AN_AVLP_23,,right,CV,acetylcholine
720575940625287998,afferent,ascending,AN,AN_GNG,AN_GNG_140,,right,CV,acetylcholine
720575940615301009,afferent,ascending,AN,AN_GNG,AN_GNG_95,,right,CV,glutamate
720575940622947333,afferent,ascending,AN,AN_GNG_IPS,AN_GNG_IPS_1,,right,CV,gaba
720575940623748389,afferent,ascending,AN,AN_AVLP,AN_AVLP_39,,right,CV,glutamate
720575940628508534,afferent,ascending,AN,AN_AVLP_GNG,AN_AVLP_GNG_23,,right,CV,glutamate
720575940615879965,afferent,ascending,AN,AN_AVLP,AN_AVLP_5,,right,CV,gaba
720575940623405948,afferent,ascending,AN,AN_GNG,AN_GNG_191,,right,CV,acetylcholine
720575940617227042,afferent,ascending,AN,AN_GNG,AN_GNG_100,,right,CV,gaba
720575940617936641,afferent,ascending,AN,AN_multi,AN_multi_71,,right,CV,acetylcholine
720575940625348389,afferent,ascending,AN,AN_GNG,AN_GNG_200,,right,CV,gaba
720575940627239336,afferent,ascending,AN,AN_AVLP,AN_AVLP_51,,right,CV,acetylcholine
720575940623619549,afferent,ascending,AN,AN_GNG_SAD,AN_GNG_SAD_35,,right,CV,serotonin
720575940617937287,afferent,ascending,AN,AN_GNG,AN_GNG_165,,right,CV,acetylcholine
720575940629704297,afferent,ascending,AN,AN_GNG,AN_GNG_196,,right,CV,serotonin
720575940631558597,afferent,ascending,AN,AN_AVLP_SAD,AN_AVLP_SAD_2,,right,CV,gaba
720575940613580594,afferent,ascending,AN,AN_GNG,AN_GNG_165,,right,CV,acetylcholine
720575940632678099,afferent,ascending,AN,AN_AVLP,AN_AVLP_19,,right,CV,acetylcholine
720575940605976521,afferent,ascending,AN,AN_multi,AN_multi_34,,right,CV,acetylcholine
720575940626404429,afferent,ascending,AN,AN_AVLP,AN_AMMC_SAD_1,,right,CV,gaba
720575940636168628,afferent,ascending,AN,AN_GNG,AN_GNG_153,,right,CV,gaba
720575940639468160,afferent,ascending,AN,AN_AVLP_PVLP,AN_AVLP_PVLP_2,,right,CV,acetylcholine
720575940618291883,afferent,ascending,AN,,,,right,CV,serotonin
720575940611835955,afferent,ascending,AN,AN_GNG_VES,AN_GNG_VES_9,,right,CV,acetylcholine
720575940622484211,afferent,ascending,AN,AN_GNG_IPS,AN_GNG_IPS_19,,right,CV,acetylcholine
720575940612547698,afferent,ascending,AN,AN_GNG,AN_GNG_127,,right,CV,gaba
720575940620303380,afferent,ascending,AN,AN_GNG_SAD,AN_GNG_SAD_30,,right,CV,acetylcholine
720575940608601355,afferent,ascending,AN,AN_SLP_LH,AN_SLP_LH_1,hb422328492,right,CV,acetylcholine
720575940618831213,afferent,ascending,AN,AN_GNG_SAD,AN_GNG_SAD_26,,right,CV,octopamine
720575940632815199,afferent,ascending,AN,AN_GNG,AN_GNG_166,,right,CV,acetylcholine
720575940627331940,afferent,ascending,AN,AN_AVLP_GNG,AN_AVLP_GNG_7,,right,CV,gaba
720575940619029680,afferent,ascending,AN,,,,right,CV,glutamate
720575940610501315,afferent,ascending,AN,AN_AVLP,AN_AVLP_48,,right,CV,acetylcholine
720575940612950642,afferent,ascending,AN,AN_GNG,AN_GNG_107,,right,CV,acetylcholine
720575940633206924,afferent,ascending,AN,AN_GNG,AN_GNG_140,,right,CV,acetylcholine
720575940607625737,afferent,ascending,AN,AN_AVLP_GNG,AN_AVLP_GNG_7,,right,CV,gaba
720575940625147883,afferent,ascending,AN,AN_AVLP,AN_AVLP_33,,right,CV,acetylcholine
720575940604276652,afferent,ascending,AN,AN_AVLP_PVLP,AN_AVLP_PVLP_5,hb1197455013,right,CV,acetylcholine
720575940628797608,afferent,ascending,AN,AN_GNG,AN_GNG_200,,right,CV,gaba
720575940625760912,afferent,ascending,AN,AN_multi,AN_multi_116,,right,CV,acetylcholine
720575940630107855,afferent,ascending,AN,AN_AVLP,AN_AVLP_8,,right,CV,gaba
720575940635883327,afferent,ascending,AN,,,,right,CV,acetylcholine
720575940627758833,afferent,ascending,AN,AN_multi,AN_multi_127,,right,CV,acetylcholine
720575940627480442,afferent,ascending,AN,,,,right,CV,acetylcholine
720575940636437172,afferent,ascending,AN,,MtAHN,,right,CV,dopamine
720575940612358642,afferent,ascending,AN,AN_multi,AN_multi_14,,right,CV,acetylcholine
720575940622276744,afferent,ascending,AN,AN_GNG_VES,AN_GNG_VES_1,,right,CV,gaba
720575940604820354,afferent,ascending,AN,AN_GNG,AN_GNG_168,,right,CV,glutamate
720575940621098887,afferent,ascending,AN,AN_GNG,AN_GNG_192,,right,CV,glutamate
720575940617393435,afferent,ascending,AN,AN_GNG,AN_GNG_69,,right,CV,serotonin
720575940633548128,afferent,ascending,AN,AN_PRW_FLA,AN_PRW_FLA_1,,right,CV,glutamate
720575940621651383,afferent,ascending,AN,AN_GNG,AN_GNG_110,,right,CV,acetylcholine
720575940632000104,afferent,ascending,AN,AN_GNG_SAD,AN_GNG_SAD_14,,right,CV,gaba
720575940621668533,afferent,ascending,AN,AN_GNG,AN_GNG_165,,right,CV,acetylcholine
720575940619153136,afferent,ascending,AN,AN_GNG_SAD,AN_GNG_SAD_1,,right,CV,acetylcholine
720575940617307097,afferent,ascending,AN,AN_AVLP,AN_AVLP_54,,right,CV,acetylcholine
720575940647574916,afferent,ascending,AN,AN_AVLP,AN_AVLP_27,,right,CV,acetylcholine
720575940633662871,afferent,ascending,AN,AN_AVLP,AN_AVLP_16,,right,CV,acetylcholine
720575940645122948,afferent,ascending,AN,AN_AVLP,AN_AVLP_17,,right,CV,acetylcholine
720575940633000162,afferent,ascending,AN,AN_GNG,AN_GNG_165,,right,CV,acetylcholine
720575940627330566,afferent,ascending,AN,AN_multi,AN_multi_96,,right,CV,acetylcholine
720575940633049963,afferent,ascending,AN,AN_multi,AN_multi_111,,right,CV,gaba
720575940613622501,afferent,ascending,AN,AN_GNG_SAD,AN_GNG_SAD_29,,right,CV,acetylcholine
720575940615333076,afferent,ascending,AN,,,,right,CV,gaba
720575940623863614,afferent,ascending,AN,AN_AVLP,AN_AVLP_45,,right,CV,acetylcholine
720575940615961542,afferent,ascending,AN,AN_GNG_WED,AN_GNG_WED_1,,right,CV,acetylcholine
720575940637679421,afferent,ascending,AN,AN_AVLP,AN_AVLP_7,,right,CV,acetylcholine
720575940629008655,afferent,ascending,AN,AN_AVLP,AN_AVLP_51,,right,CV,acetylcholine
720575940604023724,afferent,ascending,AN,,,,right,CV,gaba
720575940622913123,afferent,ascending,AN,AN_SLP_AVLP,AN_SLP_AVLP_1,,right,CV,acetylcholine
720575940627226450,afferent,ascending,AN,AN_AVLP_GNG,AN_AVLP_GNG_13,,right,CV,gaba
720575940639301747,afferent,ascending,AN,AN_GNG,AN_GNG_123,,right,CV,gaba
720575940624807301,afferent,ascending,AN,AN_AVLP_GNG,AN_AVLP_GNG_23,,right,CV,gaba
720575940624276733,afferent,ascending,AN,AN_GNG,AN_GNG_64,,right,CV,gaba
720575940632879405,afferent,ascending,AN,AN_GNG_SAD,AN_GNG_SAD_11,,right,CV,acetylcholine
720575940625857923,afferent,ascending,AN,AN_multi,AN_multi_25,,right,CV,acetylcholine
720575940605694752,afferent,ascending,AN,AN_AVLP_GNG,AN_AVLP_GNG_9,,right,CV,acetylcholine
720575940624967561,afferent,ascending,AN,AN_GNG_FLA,AN_GNG_FLA_2,,right,CV,acetylcholine
720575940637723008,afferent,ascending,AN,AN_GNG,AN_GNG_167,,right,CV,acetylcholine
720575940625002633,afferent,ascending,AN,AN_multi,AN_GNG_SAD33,,right,CV,gaba
720575940633051499,afferent,ascending,AN,AN_GNG,AN_GNG_88,,right,CV,acetylcholine
720575940625370194,afferent,ascending,AN,AN_AVLP_GNG,AN_AVLP_GNG_13,,right,CV,gaba
720575940624500313,afferent,ascending,AN,AN_GNG,AN_GNG_63,,right,CV,gaba
720575940620463732,afferent,ascending,AN,AN_multi,AN_multi_113,,right,CV,acetylcholine
720575940622803859,afferent,ascending,AN,AN_AVLP,AN_AVLP_37,,right,CV,gaba
720575940627572602,afferent,ascending,AN,AN_GNG,AN_GNG_196,,right,CV,serotonin
720575940610903409,afferent,ascending,AN,AN_AVLP,AN_AVLP_20,,right,CV,acetylcholine
720575940621369066,afferent,ascending,AN,AN_WED_GNG,AN_WED_GNG_2,,right,CV,acetylcholine
720575940631603737,afferent,ascending,AN,,,,right,CV,acetylcholine
720575940627855620,afferent,ascending,AN,AN_GNG_FLA,AN_GNG_AVLP_2,,right,CV,glutamate
720575940652593398,afferent,ascending,AN,AN_GNG,AN_GNG_150,,right,CV,gaba
720575940629041790,afferent,ascending,AN,AN_GNG,AN_GNG_134,,right,CV,acetylcholine
720575940615407583,afferent,ascending,AN,AN_GNG,AN_GNG_71,,right,CV,acetylcholine
720575940626986877,afferent,ascending,AN,AN_GNG,AN_GNG_190,,right,CV,acetylcholine
720575940620453040,afferent,ascending,AN,AN_GNG,AN_GNG_198,,right,CV,gaba
720575940626953049,afferent,ascending,AN,AN_multi,AN_multi_117,,right,CV,acetylcholine
720575940627008359,afferent,ascending,AN,AN_GNG,AN_GNG_165,,right,CV,acetylcholine
720575940644096712,afferent,ascending,AN,AN_GNG_AMMC,AN_GNG_AMMC_1,,right,CV,gaba
720575940632815315,afferent,ascending,AN,AN_AVLP_PVLP,AN_AVLP_PVLP_7,,right,CV,acetylcholine
720575940622197313,afferent,ascending,AN,AN_GNG_SAD,AN_GNG_SAD_21,,right,CV,acetylcholine
720575940615322553,afferent,ascending,AN,AN_AVLP_GNG,AN_AVLP_GNG_23,,right,CV,gaba
720575940626664235,afferent,ascending,AN,AN_GNG,AN_GNG_32,,right,CV,acetylcholine
720575940628267259,afferent,ascending,AN,AN_GNG,AN_GNG_196,,right,CV,serotonin
720575940640173184,afferent,ascending,AN,AN_GNG,AN_GNG_93,,right,CV,gaba
720575940607375794,afferent,ascending,AN,AN_GNG_SAD,AN_GNG_SAD_28,,right,CV,serotonin
720575940620225612,afferent,ascending,AN,AN_GNG,AN_GNG_193,,right,CV,serotonin
720575940628946731,afferent,ascending,AN,AN_GNG,AN_GNG_154,,right,CV,serotonin
720575940627067368,afferent,ascending,AN,AN_AVLP,AN_AVLP_46,,right,CV,acetylcholine
720575940645125508,afferent,ascending,AN,AN_GNG,AN_GNG_10,,right,CV,acetylcholine
720575940612435353,afferent,ascending,AN,AN_AVLP,AN_AVLP_54,,right,CV,acetylcholine
720575940628833989,afferent,ascending,AN,AN_GNG,AN_GNG_137,,right,CV,gaba
720575940620706486,afferent,ascending,AN,AN_AVLP,AN_AVLP_52,,right,CV,gaba
720575940620291286,afferent,ascending,AN,,,,right,CV,acetylcholine
720575940618066369,afferent,ascending,AN,AN_GNG,AN_GNG_162,,right,CV,acetylcholine
720575940617555897,afferent,ascending,AN,AN_GNG,AN_GNG_117,,right,CV,acetylcholine
720575940617556153,afferent,ascending,AN,AN_multi,AN_multi_32,,right,CV,gaba
720575940648652921,afferent,ascending,AN,AN_multi,AN_multi_35,,right,CV,acetylcholine
720575940615247316,afferent,ascending,AN,AN_GNG,AN_GNG_92,,right,CV,acetylcholine
720575940610056516,afferent,ascending,AN,AN_AVLP,AN_AVLP_26,,right,CV,acetylcholine
720575940629280835,afferent,ascending,AN,AN_GNG,AN_GNG_192,,right,CV,glutamate
720575940628952875,afferent,ascending,AN,AN_GNG_WED,AN_GNG_WED_2,,right,CV,acetylcholine
720575940623064909,afferent,ascending,AN,AN_multi,AN_multi_122,,right,CV,acetylcholine
720575940626394114,afferent,ascending,AN,AN_multi,AN_multi_69,,right,CV,acetylcholine
720575940625854616,afferent,ascending,AN,AN_VES_WED,AN_VES_WED_1,,right,CV,acetylcholine
720575940609244110,afferent,ascending,AN,AN_GNG,AN_GNG_98,,right,CV,acetylcholine
720575940617251841,afferent,ascending,AN,AN_GNG_SAD,AN_GNG_SAD_7,,right,CV,serotonin
720575940639746979,afferent,ascending,AN,AN_AVLP,AN_AVLP_51,,right,CV,acetylcholine
720575940616943572,afferent,ascending,AN,AN_multi,AN_multi_68,,right,CV,acetylcholine
720575940622155290,afferent,ascending,AN,AN_GNG,AN_GNG_20,,right,CV,dopamine
720575940630058752,afferent,ascending,AN,AN_AVLP,AN_AVLP_9,,right,CV,gaba
720575940632632474,afferent,ascending,AN,AN_AVLP,AN_AVLP_51,,right,CV,acetylcholine
720575940617415803,afferent,ascending,AN,AN_AVLP,AN_AVLP_10,,right,CV,gaba
720575940613235615,afferent,ascending,AN,AN_GNG,AN_GNG_165,,right,CV,acetylcholine
720575940628358533,afferent,ascending,AN,AN_AVLP,AN_AMMC_SAD_2,,right,CV,gaba
720575940625175310,afferent,ascending,AN,AN_GNG,AN_GNG_111,,right,CV,serotonin
720575940614658727,afferent,ascending,AN,AN_GNG,AN_GNG_126,,right,CV,gaba
720575940640373557,afferent,ascending,AN,AN_GNG,AN_GNG_167,,right,CV,acetylcholine
720575940641229520,afferent,ascending,AN,AN_GNG,AN_GNG_101,,right,CV,gaba
720575940632011091,afferent,ascending,AN,AN_AVLP_SAD,AN_AVLP_SAD_3,,right,CV,gaba
720575940615572597,afferent,ascending,AN,AN_GNG,AN_GNG_160,,right,CV,acetylcholine
720575940639232309,afferent,ascending,AN,AN_GNG_AMMC,AN_GNG_AMMC_2,,right,CV,gaba
720575940629669433,afferent,ascending,AN,AN_GNG,AN_GNG_190,,right,CV,gaba
720575940614380771,afferent,ascending,AN,AN_AVLP,AN_AVLP_51,,right,CV,acetylcholine
720575940632716698,afferent,ascending,AN,,,,right,CV,acetylcholine
720575940637383027,afferent,ascending,AN,AN_IPS_GNG,AN_IPS_1,,right,CV,acetylcholine
720575940623901415,afferent,ascending,AN,AN_AVLP,AN_AVLP_44,,right,CV,acetylcholine
720575940637671552,afferent,ascending,AN,AN_AVLP_GNG,AN_AVLP_GNG_21,,right,CV,acetylcholine
720575940629876473,afferent,ascending,AN,AN_GNG,AN_GNG_167,,right,CV,glutamate
720575940625809539,afferent,ascending,AN,AN_multi,AN_multi_106,,right,CV,acetylcholine
720575940639571931,afferent,ascending,AN,AN_GNG,AN_GNG_192,,right,CV,glutamate
720575940639960717,afferent,ascending,AN,,,,right,CV,gaba
720575940630705170,afferent,ascending,AN,AN_GNG,AN_GNG_23,,right,CV,gaba
720575940635634533,afferent,ascending,AN,AN_AVLP,AN_AVLP_35,,right,CV,acetylcholine
720575940609713710,afferent,ascending,AN,AN_multi,AN_multi_10,,right,CV,acetylcholine
720575940636538340,afferent,ascending,AN,AN_AVLP_PVLP,AN_AVLP_PVLP_9,,right,CV,acetylcholine
720575940659264385,afferent,ascending,AN,AN_AVLP_GNG,AN_AVLP_GNG_6,,right,CV,acetylcholine
720575940647654521,afferent,ascending,AN,AN_GNG,AN_GNG_196,,right,CV,serotonin
720575940624005834,afferent,ascending,AN,AN_AVLP_GNG,AN_AVLP_GNG_3,,right,CV,gaba
720575940629075697,afferent,ascending,AN,AN_GNG,AN_GNG_51,,right,CV,gaba
720575940618599150,afferent,ascending,AN,AN_AVLP,AN_AVLP_48,,right,CV,acetylcholine
720575940650082038,afferent,ascending,AN,AN_GNG,AN_GNG_188,,right,CV,gaba
720575940657585025,afferent,ascending,AN,AN_GNG,AN_GNG_99,,right,CV,glutamate
720575940657604737,afferent,ascending,AN,AN_GNG,AN_GNG_165,,right,CV,acetylcholine
720575940613834438,afferent,ascending,AN,,,,right,CV,gaba
720575940619519092,afferent,ascending,AN,AN_AVLP_PVLP,AN_AVLP_PVLP_1,,right,CV,acetylcholine
720575940621650712,afferent,ascending,AN,AN_AVLP_PVLP,AN_AVLP_PVLP_10,,right,CV,acetylcholine
720575940623351295,afferent,ascending,AN,AN_GNG,AN_GNG_73,,right,CV,gaba
720575940625454162,afferent,ascending,AN,AN_GNG_SAD,AN_GNG_SAD_2,,right,CV,acetylcholine
720575940617539355,afferent,ascending,AN,AN_GNG_PRW,AN_GNG_PRW_1,,right,CV,gaba
720575940621241072,afferent,ascending,AN,AN_multi,AN_multi_106,,right,CV,acetylcholine
720575940626533634,afferent,ascending,AN,AN_multi,AN_multi_62,,right,CV,acetylcholine
720575940628250076,afferent,ascending,AN,AN_GNG,AN_GNG_177,,right,CV,glutamate
720575940615297681,afferent,ascending,AN,AN_AVLP,AN_AVLP_13,,right,CV,acetylcholine
720575940637464691,afferent,ascending,AN,AN_AVLP_GNG,AN_AVLP_GNG_17,,right,CV,acetylcholine
720575940631096527,afferent,ascending,AN,AN_GNG,AN_GNG_132,,right,CV,glutamate
720575940636706118,afferent,ascending,AN,AN_GNG,AN_GNG_94,,right,CV,acetylcholine
720575940624910887,afferent,ascending,AN,AN_GNG_SAD,AN_GNG_SAD_3,,right,CV,gaba
720575940632670156,afferent,ascending,AN,AN_multi,AN_multi_18,,right,CV,acetylcholine
720575940628391686,afferent,ascending,AN,AN_multi,AN_multi_18,,right,CV,acetylcholine
720575940619346102,afferent,ascending,AN,,,,right,CV,acetylcholine
720575940618423899,afferent,ascending,AN,AN_GNG,AN_FLA_VES_1,,right,CV,acetylcholine
720575940627701548,afferent,ascending,AN,AN_GNG_IPS,AN_GNG_IPS_14,,right,CV,acetylcholine
720575940606274827,afferent,ascending,AN,AN_IPS_GNG,AN_IPS_GNG_6,,right,CV,acetylcholine
720575940617440539,afferent,ascending,AN,AN_GNG,AN_GNG_2,,right,CV,acetylcholine
720575940606537429,afferent,ascending,AN,AN_GNG,AN_GNG_55,,right,CV,acetylcholine
720575940631989817,afferent,ascending,AN,AN_GNG,AN_GNG_112,,right,CV,acetylcholine
720575940610487410,afferent,ascending,AN,AN_GNG,AN_GNG_13,,right,CV,acetylcholine
720575940612267518,afferent,ascending,AN,AN_AVLP,AN_AVLP_34,,right,CV,acetylcholine
720575940621163802,afferent,ascending,AN,AN_AVLP,AN_AVLP_41,,right,CV,acetylcholine
720575940615598849,afferent,ascending,AN,AN_GNG_FLA,AN_GNG_FLA_6,,right,CV,gaba
720575940615873309,afferent,ascending,AN,AN_GNG_IPS,AN_GNG_IPS_18,,right,CV,acetylcholine
720575940615900189,afferent,ascending,AN,AN_GNG,AN_GNG_103,,right,CV,
720575940615288276,afferent,ascending,AN,AN_GNG,AN_GNG_199,,right,CV,acetylcholine
720575940615977541,afferent,ascending,AN,,,,right,CV,glutamate
720575940617373072,afferent,ascending,AN,AN_GNG,AN_GNG_172,,right,CV,acetylcholine
720575940620332253,afferent,ascending,AN,AN_GNG_SAD,AN_GNG_SAD_26,,right,CV,octopamine
720575940606699989,afferent,ascending,AN,AN_GNG,AN_GNG_175,,right,CV,acetylcholine
720575940628274396,afferent,ascending,AN,AN_GNG,AN_GNG_104,,right,CV,serotonin
720575940609019093,afferent,ascending,AN,AN_GNG,AN_GNG_31,,right,CV,gaba
720575940603708350,afferent,ascending,AN,AN_PRW_FLA,AN_SAD_FLA_1,,right,CV,glutamate
720575940620983902,afferent,ascending,AN,AN_SPS_IPS,AN_SPS_IPS_3,,right,CV,acetylcholine
720575940632033361,afferent,ascending,AN,AN_GNG_VES,AN_GNG_VES_2,,right,CV,gaba
720575940624082788,afferent,ascending,AN,AN_GNG,AN_GNG_165,,right,CV,acetylcholine
720575940627331560,afferent,ascending,AN,AN_multi,AN_multi_110,,right,CV,acetylcholine
720575940620600929,afferent,ascending,AN,AN_GNG,AN_GNG_54,,right,CV,acetylcholine
720575940635886682,afferent,ascending,AN,AN_GNG,AN_GNG_188,,right,CV,gaba
720575940629994755,afferent,ascending,AN,,,,right,CV,gaba
720575940619644336,afferent,ascending,AN,AN_multi,AN_LH_AVLP_1,,right,CV,acetylcholine
720575940613264799,afferent,ascending,AN,AN_GNG,AN_GNG_172,,right,CV,acetylcholine
720575940618095892,afferent,ascending,AN,AN_GNG,AN_GNG_56,,right,CV,glutamate
720575940654123169,afferent,ascending,AN,AN_multi,AN_multi_2,,right,CV,acetylcholine
720575940626340624,afferent,ascending,AN,AN_GNG,AN_GNG_176,,right,CV,acetylcholine
720575940629483576,afferent,ascending,AN,,,,right,CV,serotonin
720575940619295728,afferent,ascending,AN,AN_GNG,AN_GNG_59,,right,CV,acetylcholine
720575940639740368,afferent,ascending,AN,AN_GNG,AN_GNG_181,,right,CV,gaba
720575940619296752,afferent,ascending,AN,AN_GNG_SPS,AN_GNG_SPS_1,,right,CV,acetylcholine
720575940627788032,afferent,ascending,AN,,,,right,CV,acetylcholine
720575940617618137,afferent,ascending,AN,AN_GNG,AN_GNG_175,,right,CV,acetylcholine
720575940635632888,afferent,ascending,AN,AN_GNG,AN_GNG_76,,right,CV,acetylcholine
720575940614118546,afferent,ascending,AN,AN_GNG,AN_GNG_165,,right,CV,acetylcholine
720575940619297520,afferent,ascending,AN,AN_GNG,AN_GNG_165,,right,CV,acetylcholine
720575940610522210,afferent,ascending,AN,AN_AVLP_GNG,AN_AVLP_GNG_20,,right,CV,gaba
720575940614398570,afferent,ascending,AN,AN_AVLP,AN_AVLP_51,,right,CV,acetylcholine
720575940627578306,afferent,ascending,AN,AN_IPS_GNG,AN_IPS_GNG_6,,right,CV,acetylcholine
720575940620859416,afferent,ascending,AN,AN_GNG,AN_GNG_179,,right,CV,acetylcholine
720575940626170865,afferent,ascending,AN,,,,right,CV,acetylcholine
720575940622519591,afferent,ascending,AN,AN_GNG,AN_GNG_114,,right,CV,gaba
720575940628675945,afferent,ascending,AN,AN_GNG,AN_GNG_58,,right,CV,acetylcholine
720575940627467642,afferent,ascending,AN,,,,right,CV,acetylcholine
720575940627554604,afferent,ascending,AN,AN_GNG,AN_GNG_172,,right,CV,acetylcholine
720575940634081655,afferent,ascending,AN,AN_IPS_GNG,AN_IPS_GNG_4,,right,CV,acetylcholine
720575940627925564,afferent,ascending,AN,AN_IPS_GNG,AN_IPS_GNG_6,,right,CV,acetylcholine
720575940628226012,afferent,ascending,AN,,,,right,CV,acetylcholine
720575940607771972,afferent,ascending,AN,AN_GNG,AN_GNG_179,,right,CV,acetylcholine
720575940628558679,afferent,ascending,AN,AN_IPS_GNG,AN_IPS_GNG_2,,right,CV,acetylcholine
720575940614381283,afferent,ascending,AN,AN_GNG,AN_GNG_197,,right,CV,glutamate
720575940615385823,afferent,ascending,AN,AN_GNG,AN_GNG_164,,right,CV,acetylcholine
720575940613171454,afferent,ascending,AN,AN_SPS_IPS,AN_SPS_IPS_2,,right,CV,acetylcholine
720575940630012663,afferent,ascending,AN,AN_GNG,AN_GNG_53,,right,CV,acetylcholine
720575940631356235,afferent,ascending,AN,AN_GNG,AN_GNG_52,,right,CV,acetylcholine
720575940613879227,afferent,ascending,AN,AN_GNG,AN_GNG_175,,right,CV,acetylcholine
720575940602444512,afferent,ascending,AN,AN_GNG,AN_GNG_175,,right,CV,serotonin
720575940612836374,afferent,ascending,AN,AN_GNG,AN_GNG_175,,right,CV,acetylcholine
720575940625178501,afferent,ascending,AN,AN_GNG,AN_GNG_165,,right,CV,acetylcholine
720575940628375148,afferent,ascending,AN,AN_IPS_GNG,AN_IPS_GNG_6,,right,CV,acetylcholine
720575940620320214,afferent,ascending,AN,AN_GNG_IPS,AN_GNG_IPS_4,,right,CV,acetylcholine
720575940614976662,afferent,ascending,AN,AN_GNG,AN_GNG_197,,right,CV,gaba
720575940635837786,afferent,ascending,AN,AN_GNG,AN_GNG_1,,right,CV,serotonin
720575940623387430,afferent,ascending,AN,AN_GNG_IPS,AN_GNG_IPS_20,,right,CV,acetylcholine
720575940638745060,afferent,ascending,AN,AN_IPS_GNG,AN_IPS_GNG_7,,right,CV,acetylcholine
720575940637431613,afferent,ascending,AN,AN_GNG,AN_GNG_175,,right,CV,acetylcholine
720575940610916465,afferent,ascending,AN,AN_GNG_PRW,AN_GNG_PRW_2,,right,CV,gaba
720575940624089188,afferent,ascending,AN,AN_GNG,AN_GNG_204,,right,CV,serotonin
720575940642477860,afferent,ascending,AN,,,,right,CV,acetylcholine
720575940642495524,afferent,ascending,AN,AN_GNG,AN_GNG_166,,right,CV,dopamine
720575940629023870,afferent,ascending,AN,AN_GNG,AN_GNG_162,,right,CV,acetylcholine
720575940625393189,afferent,ascending,AN,AN_GNG,AN_GNG_162,,right,CV,acetylcholine
720575940624461576,afferent,ascending,AN,AN_GNG,AN_GNG_26,,right,CV,gaba
720575940623195530,afferent,ascending,AN,AN_GNG,AN_GNG_29,,right,CV,gaba
720575940614998166,afferent,ascending,AN,AN_GNG,AN_GNG_21,,right,CV,acetylcholine
720575940637842246,afferent,ascending,AN,AN_GNG,AN_GNG_133,,right,CV,gaba
720575940634126711,afferent,ascending,AN,AN_GNG,AN_GNG_162,,right,CV,acetylcholine
720575940618096321,afferent,ascending,AN,AN_GNG,AN_GNG_169,,right,CV,acetylcholine
720575940625319245,afferent,ascending,AN,AN_AVLP_GNG,AN_AVLP_GNG_22,,right,CV,acetylcholine
720575940616302912,afferent,ascending,AN,,,,right,CV,acetylcholine
720575940644598324,afferent,ascending,AN,AN_GNG,AN_GNG_204,,right,CV,
720575940614528629,afferent,ascending,AN,AN_AVLP,AN_AVLP_48,,right,CV,acetylcholine
720575940644050376,afferent,ascending,AN,AN_multi,AN_multi_55,,right,CV,acetylcholine
720575940639297408,afferent,ascending,AN,AN_multi,AN_multi_118,,right,CV,acetylcholine
720575940620287820,afferent,ascending,AN,,,,right,CV,
720575940619127472,afferent,ascending,AN,AN_GNG,AN_GNG_69,,right,CV,gaba
720575940630609170,afferent,ascending,AN,AN_multi,AN_multi_87,,right,CV,glutamate
720575940625479370,afferent,ascending,AN,AN_multi,AN_multi_64,,right,CV,acetylcholine
720575940622867687,afferent,ascending,AN,AN_AVLP,AN_AVLP_47,,right,CV,acetylcholine
720575940622467113,afferent,ascending,AN,AN_multi,AN_multi_79,,right,CV,acetylcholine
720575940644438039,afferent,ascending,AN,AN_multi,AN_multi_124,,right,CV,serotonin
720575940631914783,afferent,ascending,AN,AN_multi,AN_multi_107,,left,CV,glutamate
720575940630160384,afferent,ascending,AN,AN_multi,AN_multi_106,,left,CV,acetylcholine
720575940631447879,afferent,ascending,AN,AN_multi,AN_multi_106,,left,CV,acetylcholine
720575940622730239,afferent,ascending,AN,AN_GNG,AN_GNG_3,,right,CV,acetylcholine
720575940621512445,afferent,ascending,AN,,,,left,CV,gaba
720575940604299552,afferent,ascending,AN,,,,left,CV,octopamine
720575940635768895,afferent,ascending,AN,AN_GNG,AN_GNG_151,,left,CV,octopamine
720575940623865748,afferent,ascending,AN,AN_multi,AN_multi_111,,left,CV,gaba
720575940611268266,afferent,ascending,AN,,,,left,CV,acetylcholine
720575940633767588,afferent,ascending,AN,AN_multi,AN_multi_110,,left,CV,acetylcholine
720575940627368079,afferent,ascending,AN,AN_multi,AN_multi_128,,left,CV,acetylcholine
720575940622264444,afferent,ascending,AN,AN_GNG,AN_GNG_160,,left,CV,acetylcholine
720575940622300429,afferent,ascending,AN,AN_multi,AN_multi_47,,right,CV,acetylcholine
720575940611878258,afferent,ascending,AN,AN_SLP_AVLP,AN_SLP_AVLP_1,,left,CV,serotonin
720575940626270266,afferent,ascending,AN,,,,left,CV,acetylcholine
720575940617020699,afferent,ascending,AN,,,,left,CV,acetylcholine
720575940639711566,afferent,ascending,AN,,,,left,CV,acetylcholine
720575940621103201,afferent,ascending,AN,,,,left,CV,acetylcholine
720575940632474835,afferent,ascending,AN,,,,left,CV,gaba
720575940625012938,afferent,ascending,AN,,,,left,CV,acetylcholine
720575940659056001,afferent,ascending,AN,AN_GNG,AN_GNG_157,,left,CV,gaba
720575940636436916,afferent,ascending,AN,,MtAHN,,left,CV,dopamine
720575940619679471,afferent,ascending,AN,AN_GNG,AN_GNG_191,,left,CV,acetylcholine
720575940636241264,afferent,ascending,AN,,,,left,CV,glutamate
720575940630899513,afferent,ascending,AN,,,,left,CV,gaba
720575940620136545,afferent,ascending,AN,,,,left,CV,acetylcholine
720575940625841241,afferent,ascending,AN,,,,left,CV,glutamate
720575940604211628,afferent,ascending,AN,,,,left,CV,acetylcholine
720575940623153149,afferent,ascending,AN,,,,left,CV,gaba
720575940622479763,afferent,ascending,AN,AN_multi,AN_multi_108,,left,CV,acetylcholine
720575940647515524,afferent,ascending,AN,,,,right,CV,acetylcholine
720575940622443400,afferent,ascending,AN,AN_multi,AN_multi_109,,left,CV,acetylcholine
720575940631285571,afferent,ascending,AN,,,,right,CV,glutamate
